date,fragility_prob,recovery_prob,action,ext_scale,recovery_override_scale,rel_tilt,stress_thr,recovery_thr,prob_trigger,recovery_prob_trigger,recover_opp,recover_fire,frag_fire,chop,fold
2017-01-06,0.6058915523790749,0.0,DEFENSIVE_LIGHT,0.85,0.0,,8.215510510438504,14.251949038020804,0.55,0.55,0,0,1,0,1
2017-01-13,0.6070117208340166,0.002234741784037559,DEFENSIVE_LIGHT,0.85,0.0,,8.215510510438504,14.251949038020804,0.55,0.55,0,0,1,0,1
2017-01-20,0.6206697248841644,0.0009753424657534247,DEFENSIVE_LIGHT,0.85,0.0,,8.215510510438504,14.251949038020804,0.55,0.55,0,0,1,0,1
2017-01-27,0.5806248799836314,0.0,DEFENSIVE_LIGHT,0.85,0.0,,8.215510510438504,14.251949038020804,0.55,0.55,0,0,1,0,1
2017-02-03,0.5955351870491852,0.0,DEFENSIVE_LIGHT,0.85,0.0,,8.215510510438504,14.251949038020804,0.55,0.55,0,0,1,0,1
2017-02-10,0.5924350041933163,0.0,DEFENSIVE_LIGHT,0.85,0.0,,8.215510510438504,14.251949038020804,0.55,0.55,0,0,1,0,1
2017-02-17,0.6374556266680573,0.006217340722764875,DEFENSIVE_LIGHT,0.85,0.0,,8.215510510438504,14.251949038020804,0.55,0.55,0,0,1,0,1
2017-02-24,0.6577210341764458,0.002344370860927152,DEFENSIVE_LIGHT,0.85,0.0,,8.215510510438504,14.251949038020804,0.55,0.55,0,0,1,0,1
2017-03-03,0.6507705648102571,0.0,DEFENSIVE_LIGHT,0.85,0.0,,8.215510510438504,14.251949038020804,0.55,0.55,0,0,1,0,1
2017-03-10,0.6587160115491761,0.0,DEFENSIVE_LIGHT,0.85,0.0,,8.215510510438504,14.251949038020804,0.55,0.55,0,0,1,0,1
2017-03-17,0.6267265883767615,0.0068238643736990455,DEFENSIVE_LIGHT,0.85,0.0,,8.215510510438504,14.251949038020804,0.55,0.55,0,0,1,0,1
2017-03-24,0.5007344649115998,0.0068238643736990455,BASELINE,1.0,0.0,,8.215510510438504,14.251949038020804,0.55,0.55,0,0,0,0,1
2017-03-31,0.594394613416524,0.0068238643736990455,DEFENSIVE_LIGHT,0.85,0.0,,8.215510510438504,14.251949038020804,0.55,0.55,0,0,1,0,1
2017-04-07,0.5720337834123325,0.008699615876705057,DEFENSIVE_LIGHT,0.85,0.0,,8.215510510438504,14.251949038020804,0.55,0.55,0,0,1,0,1
2017-04-21,0.5563854188354685,0.0,DEFENSIVE_LIGHT,0.85,0.0,,8.215510510438504,14.251949038020804,0.55,0.55,0,0,1,0,1
2017-04-28,0.561893641986643,0.0068238643736990455,DEFENSIVE_LIGHT,0.85,0.0,,8.215510510438504,14.251949038020804,0.55,0.55,0,0,1,0,1
2017-05-05,0.5080109432919238,0.004355223711748403,BASELINE,1.0,0.0,,8.215510510438504,14.251949038020804,0.55,0.55,0,0,0,0,1
2017-05-12,0.567606987306264,0.0,DEFENSIVE_LIGHT,0.85,0.0,,8.215510510438504,14.251949038020804,0.55,0.55,0,0,1,0,1
2017-05-19,0.5957300389792286,0.0,DEFENSIVE_LIGHT,0.85,0.0,,8.215510510438504,14.251949038020804,0.55,0.55,0,0,1,0,1
2017-05-26,0.4876110786206554,0.0028262548262548265,BASELINE,1.0,0.0,,8.215510510438504,14.251949038020804,0.55,0.55,0,0,0,0,1
2017-06-02,0.46049462442157324,0.002358306188925081,BASELINE,1.0,0.0,,8.215510510438504,14.251949038020804,0.55,0.55,0,0,0,0,1
2017-06-09,0.48965571458226326,0.017950074869576792,BASELINE,1.0,0.0,,8.215510510438504,14.251949038020804,0.55,0.55,0,0,0,0,1
2017-06-16,0.4289759315234692,0.04196382781668337,BASELINE,1.0,0.0,,8.215510510438504,14.251949038020804,0.55,0.55,0,0,0,0,1
2017-06-23,0.3654342870194533,0.03683281167064355,BASELINE,1.0,0.0,,8.215510510438504,14.251949038020804,0.55,0.55,0,0,0,0,1
2017-06-30,0.3368167599191448,0.06312439770824109,BASELINE,1.0,0.0,,8.215510510438504,14.251949038020804,0.55,0.55,0,0,0,0,1
2017-07-07,0.31714146102362223,0.06458123476140804,BASELINE,1.0,0.0,,8.215510510438504,14.251949038020804,0.55,0.55,0,0,0,0,1
2017-07-14,0.32494926935910623,0.1433561561625415,BASELINE,1.0,0.0,,8.215510510438504,14.251949038020804,0.55,0.55,0,0,0,0,1
2017-07-21,0.36675001380316957,0.05543577597904551,BASELINE,1.0,0.0,,8.215510510438504,14.251949038020804,0.55,0.55,0,0,0,0,1
2017-07-28,0.4240019834388172,0.06571384634203599,BASELINE,1.0,0.0,,8.215510510438504,14.251949038020804,0.55,0.55,0,0,0,0,1
2017-08-04,0.4300993165047342,0.05165073928904114,BASELINE,1.0,0.0,,8.215510510438504,14.251949038020804,0.55,0.55,0,0,0,0,1
2017-08-11,0.3818477313405822,0.07358021090940611,BASELINE,1.0,0.0,,8.215510510438504,14.251949038020804,0.55,0.55,0,0,0,0,1
2017-08-18,0.2628418804130049,0.06055890302131447,BASELINE,1.0,0.0,,8.215510510438504,14.251949038020804,0.55,0.55,0,0,0,0,1
2017-08-25,0.23588776703825884,0.057096794913607675,BASELINE,1.0,0.0,,8.215510510438504,14.251949038020804,0.55,0.55,0,0,0,0,1
2017-09-01,0.2775186599677969,0.18744464220841545,BASELINE,1.0,0.0,,8.215510510438504,14.251949038020804,0.55,0.55,0,0,0,0,1
2017-09-08,0.24019965979406616,0.1762658622416736,BASELINE,1.0,0.0,,8.215510510438504,14.251949038020804,0.55,0.55,0,0,0,0,1
2017-09-15,0.2834066077395413,0.17881764092108277,BASELINE,1.0,0.0,,8.215510510438504,14.251949038020804,0.55,0.55,0,0,0,0,1
2017-09-22,0.34456099084415454,0.19319160492870105,BASELINE,1.0,0.0,,8.215510510438504,14.251949038020804,0.55,0.55,0,0,0,1,1
2017-09-29,0.34885083242926895,0.20104025209783713,BASELINE,1.0,0.0,,8.215510510438504,14.251949038020804,0.55,0.55,0,0,0,0,1
2017-10-06,0.5066192631752107,0.14920824490078594,BASELINE,1.0,0.0,,8.215510510438504,14.251949038020804,0.55,0.55,0,0,0,0,1
2017-10-13,0.5151126344955346,0.0715524927615983,BASELINE,1.0,0.0,,8.215510510438504,14.251949038020804,0.55,0.55,0,0,0,0,1
2017-10-20,0.5288503451704274,0.028543557100099096,BASELINE,1.0,0.0,,8.215510510438504,14.251949038020804,0.55,0.55,0,0,0,0,1
2017-10-27,0.5389466473087209,0.025979948147340726,BASELINE,1.0,0.0,,8.215510510438504,14.251949038020804,0.55,0.55,0,0,0,0,1
2017-11-03,0.5567357088646779,0.0,DEFENSIVE_LIGHT,0.85,0.0,,8.215510510438504,14.251949038020804,0.55,0.55,0,0,1,0,1
2017-11-10,0.5539492314254518,0.0,DEFENSIVE_LIGHT,0.85,0.0,,8.215510510438504,14.251949038020804,0.55,0.55,0,0,1,0,1
2017-11-17,0.5655510214327013,0.0,DEFENSIVE_LIGHT,0.85,0.0,,8.215510510438504,14.251949038020804,0.55,0.55,0,0,1,0,1
2017-11-24,0.5604435158679874,0.0,DEFENSIVE_LIGHT,0.85,0.0,,8.215510510438504,14.251949038020804,0.55,0.55,0,0,1,0,1
2017-12-01,0.4529125987649144,0.0068238643736990455,BASELINE,1.0,0.0,,8.215510510438504,14.251949038020804,0.55,0.55,0,0,0,0,1
2017-12-08,0.4203187039338282,0.0032100842497909837,BASELINE,1.0,0.0,,8.215510510438504,14.251949038020804,0.55,0.55,0,0,0,0,1
2017-12-15,0.37598486597370245,0.007688872366426908,BASELINE,1.0,0.0,,8.215510510438504,14.251949038020804,0.55,0.55,0,0,0,0,1
2017-12-22,0.4003186469354164,0.016246738561651868,BASELINE,1.0,0.0,,8.215510510438504,14.251949038020804,0.55,0.55,0,0,0,0,1
2017-12-29,0.39181621439241876,0.011282960434089741,BASELINE,1.0,0.0,,8.215510510438504,14.251949038020804,0.55,0.55,0,0,0,0,1
2018-01-05,0.5221262708586073,0.0,BASELINE,1.0,0.0,,8.215510510438504,14.251949038020804,0.55,0.55,0,0,0,0,1
2018-01-12,0.5353403103083729,0.02557673046650506,BASELINE,1.0,0.0,,8.215510510438504,14.251949038020804,0.55,0.55,0,0,0,0,1
2018-01-19,0.5166532985881771,0.0244312901166473,BASELINE,1.0,0.0,,8.215510510438504,14.251949038020804,0.55,0.55,0,0,0,0,1
2018-01-26,0.44551794783951487,0.02236926445418265,BASELINE,1.0,0.0,,8.215510510438504,14.251949038020804,0.55,0.55,0,0,0,0,1
2018-02-02,0.5179221252667878,0.03556574954183857,BASELINE,1.0,0.0,,8.215510510438504,14.251949038020804,0.55,0.55,0,0,0,0,1
2018-02-09,0.13155730750804928,0.05004225168334861,BASELINE,1.0,0.0,,8.215510510438504,14.251949038020804,0.55,0.55,0,0,0,0,1
2018-02-16,0.26974047047656624,0.035003939734199734,BASELINE,1.0,0.0,,8.215510510438504,14.251949038020804,0.55,0.55,0,0,0,0,1
2018-02-23,0.27292604159773237,0.05200378334284576,BASELINE,1.0,0.0,,8.215510510438504,14.251949038020804,0.55,0.55,0,0,0,0,1
2018-03-02,0.2212747517043362,0.04868199557904036,BASELINE,1.0,0.0,,8.215510510438504,14.251949038020804,0.55,0.55,0,0,0,0,1
2018-03-09,0.3634170212074411,0.05110479183075264,BASELINE,1.0,0.0,,8.215510510438504,14.251949038020804,0.55,0.55,0,0,0,0,1
2018-03-16,0.5060014601448604,0.04662806721868442,BASELINE,1.0,0.0,,8.215510510438504,14.251949038020804,0.55,0.55,0,0,0,0,1
2018-03-23,0.2347538439018933,0.0548752480628598,BASELINE,1.0,0.0,,8.215510510438504,14.251949038020804,0.55,0.55,0,0,0,0,1
2018-04-06,0.12269830211607409,0.04864429583242511,BASELINE,1.0,0.0,,8.215510510438504,14.251949038020804,0.55,0.55,0,0,0,0,1
2018-04-13,0.1055880364488263,0.048486045317607314,BASELINE,1.0,0.0,,8.215510510438504,14.251949038020804,0.55,0.55,0,0,0,0,1
2018-04-20,0.14171165288389231,0.14669253569559482,BASELINE,1.0,0.0,,8.215510510438504,14.251949038020804,0.55,0.55,0,0,0,1,1
2018-04-27,0.07913891853619709,0.17702353497780357,BASELINE,1.0,0.0,,8.215510510438504,14.251949038020804,0.55,0.55,0,0,0,0,1
2018-05-04,0.07011146407586222,0.17483042746081615,BASELINE,1.0,0.0,,8.215510510438504,14.251949038020804,0.55,0.55,0,0,0,1,1
2018-05-11,0.26736768102880765,0.17842401500141236,BASELINE,1.0,0.0,,8.215510510438504,14.251949038020804,0.55,0.55,0,0,0,0,1
2018-05-18,0.19224067843396364,0.05143752128427362,BASELINE,1.0,0.0,,8.215510510438504,14.251949038020804,0.55,0.55,0,0,0,0,1
2018-05-25,0.30380058127614573,0.0410010332442267,BASELINE,1.0,0.0,,8.215510510438504,14.251949038020804,0.55,0.55,0,0,0,0,1
2018-06-01,0.21729310596090798,0.0576592763430897,BASELINE,1.0,0.0,,8.215510510438504,14.251949038020804,0.55,0.55,0,0,0,0,1
2018-06-08,0.4131073161367878,0.04222866017479879,BASELINE,1.0,0.0,,8.215510510438504,14.251949038020804,0.55,0.55,0,0,0,0,1
2018-06-15,0.4909302305156125,0.038808441051063916,BASELINE,1.0,0.0,,8.215510510438504,14.251949038020804,0.55,0.55,0,0,0,0,1
2018-06-22,0.46332965605884036,0.03674164437288412,BASELINE,1.0,0.0,,8.215510510438504,14.251949038020804,0.55,0.55,0,0,0,0,1
2018-06-29,0.4587165078650082,0.035099794303614096,BASELINE,1.0,0.0,,8.215510510438504,14.251949038020804,0.55,0.55,0,0,0,0,1
2018-07-06,0.4565951498396278,0.026807672925942192,BASELINE,1.0,0.0,,8.215510510438504,14.251949038020804,0.55,0.55,0,0,0,0,1
2018-07-13,0.4729872895238889,0.014480941975936634,BASELINE,1.0,0.0,,8.215510510438504,14.251949038020804,0.55,0.55,0,0,0,0,1
2018-07-20,0.43733601339077527,0.005350307716023764,BASELINE,1.0,0.0,,8.215510510438504,14.251949038020804,0.55,0.55,0,0,0,0,1
2018-07-27,0.5202300840298274,0.002234741784037559,BASELINE,1.0,0.0,,8.215510510438504,14.251949038020804,0.55,0.55,0,0,0,0,1
2018-08-03,0.5475018878992134,0.002344370860927152,BASELINE,1.0,0.0,,8.215510510438504,14.251949038020804,0.55,0.55,0,0,0,0,1
2018-08-10,0.5030727354590319,0.0,BASELINE,1.0,0.0,,8.215510510438504,14.251949038020804,0.55,0.55,0,0,0,0,1
2018-08-17,0.5262515166760927,0.0,BASELINE,1.0,0.0,,8.215510510438504,14.251949038020804,0.55,0.55,0,0,0,0,1
2018-08-24,0.5326556165662725,0.0,BASELINE,1.0,0.0,,8.215510510438504,14.251949038020804,0.55,0.55,0,0,0,0,1
2018-08-31,0.615676967291746,0.0,DEFENSIVE_LIGHT,0.85,0.0,,8.215510510438504,14.251949038020804,0.55,0.55,0,0,1,0,1
2018-09-07,0.5997930062914638,0.0,DEFENSIVE_LIGHT,0.85,0.0,,8.215510510438504,14.251949038020804,0.55,0.55,0,0,1,0,1
2018-09-14,0.5811993241901399,0.00605034174553102,DEFENSIVE_LIGHT,0.85,0.0,,8.215510510438504,14.251949038020804,0.55,0.55,0,0,1,0,1
2018-09-21,0.6104913385229732,0.0037916666666666667,DEFENSIVE_LIGHT,0.85,0.0,,8.215510510438504,14.251949038020804,0.55,0.55,0,0,1,0,1
2018-09-28,0.6767709313517224,0.0,DEFENSIVE_LIGHT,0.85,0.0,,8.215510510438504,14.251949038020804,0.55,0.55,0,0,1,0,1
2018-10-05,0.6258104682254556,0.0,DEFENSIVE_LIGHT,0.85,0.0,,8.215510510438504,14.251949038020804,0.55,0.55,0,0,1,0,1
2018-10-12,0.3182064176962402,0.026407024771296573,BASELINE,1.0,0.0,,8.215510510438504,14.251949038020804,0.55,0.55,0,0,0,0,1
2018-10-19,0.33926265871176714,0.0028379096545615573,BASELINE,1.0,0.0,,8.215510510438504,14.251949038020804,0.55,0.55,0,0,0,0,1
2018-10-26,0.10281886140525609,0.1242091869474856,BASELINE,1.0,0.0,,8.215510510438504,14.251949038020804,0.55,0.55,0,0,0,0,1
2018-11-02,0.05855388692533876,0.1912740738948541,BASELINE,1.0,0.0,,8.215510510438504,14.251949038020804,0.55,0.55,0,0,0,0,1
2018-11-09,0.05560804945775567,0.23184179311359943,BASELINE,1.0,0.0,,8.215510510438504,14.251949038020804,0.55,0.55,0,0,0,0,1
2018-11-16,0.03212548290966766,0.32280813218545135,BASELINE,1.0,0.0,,8.215510510438504,14.251949038020804,0.55,0.55,0,0,0,0,1
2018-11-23,0.008014472810236435,0.7923702985929535,BASELINE,1.0,0.0,,8.215510510438504,14.251949038020804,0.55,0.55,0,0,0,0,1
2018-11-30,0.006481588223236167,0.7053775735705231,BASELINE,1.0,0.0,,8.215510510438504,14.251949038020804,0.55,0.55,0,0,0,0,1
2018-12-07,0.0014315304948216338,0.6334781462763501,BASELINE,1.0,0.0,,8.215510510438504,14.251949038020804,0.55,0.55,0,0,0,0,1
2018-12-14,0.0029762510602205257,0.6617319068646563,BASELINE,1.0,0.0,,8.215510510438504,14.251949038020804,0.55,0.55,0,0,0,0,1
2018-12-21,0.0030863044012785835,0.6920557318100965,BASELINE,1.0,0.0,,8.215510510438504,14.251949038020804,0.55,0.55,0,0,0,0,1
2018-12-28,0.010273118807207859,0.7231241530029222,BASELINE,1.0,0.0,,8.215510510438504,14.251949038020804,0.55,0.55,0,0,0,0,1
2019-01-04,0.07151952032996606,0.8286948957849171,BASELINE,1.0,0.0,,7.7272005176417435,12.710817763694157,0.55,0.55,0,0,0,0,2
2019-01-11,0.019674795882127217,0.8191749922171832,BASELINE,1.0,0.0,,7.7272005176417435,12.710817763694157,0.55,0.55,0,0,0,0,2
2019-01-18,0.025982830461006655,0.7574592396927269,BASELINE,1.0,0.0,,7.7272005176417435,12.710817763694157,0.55,0.55,0,0,0,0,2
2019-01-25,0.07747402660130642,0.7559351181229031,BASELINE,1.0,0.0,,7.7272005176417435,12.710817763694157,0.55,0.55,0,0,0,0,2
2019-02-01,0.06786540943970114,0.6551874933277837,BASELINE,1.0,0.0,,7.7272005176417435,12.710817763694157,0.55,0.55,0,0,0,0,2
2019-02-08,0.03792187932880894,0.6906357702530846,BASELINE,1.0,0.0,,7.7272005176417435,12.710817763694157,0.55,0.55,0,0,0,0,2
2019-02-15,0.04518934992490066,0.6102617294148992,BASELINE,1.0,0.0,,7.7272005176417435,12.710817763694157,0.55,0.55,0,0,0,0,2
2019-02-22,0.07940600210055909,0.5921949229615623,BASELINE,1.0,0.0,,7.7272005176417435,12.710817763694157,0.55,0.55,0,0,0,0,2
2019-03-01,0.20907701933308376,0.3789066690966869,BASELINE,1.0,0.0,,7.7272005176417435,12.710817763694157,0.55,0.55,0,0,0,0,2
2019-03-08,0.22837994354066862,0.4111870781954562,BASELINE,1.0,0.0,,7.7272005176417435,12.710817763694157,0.55,0.55,0,0,0,0,2
2019-03-15,0.3030640551041427,0.3558566612149937,BASELINE,1.0,0.0,,7.7272005176417435,12.710817763694157,0.55,0.55,0,0,0,0,2
2019-03-22,0.4201392911807928,0.05339503298984665,BASELINE,1.0,0.0,,7.7272005176417435,12.710817763694157,0.55,0.55,0,0,0,0,2
2019-03-29,0.49159292758220136,0.03598243981110161,BASELINE,1.0,0.0,,7.7272005176417435,12.710817763694157,0.55,0.55,0,0,0,0,2
2019-04-05,0.5266066907188525,0.0004696931270606144,BASELINE,1.0,0.0,,7.7272005176417435,12.710817763694157,0.55,0.55,0,0,0,0,2
2019-04-12,0.5268388585246472,0.012581281054890503,BASELINE,1.0,0.0,,7.7272005176417435,12.710817763694157,0.55,0.55,0,0,0,0,2
2019-04-26,0.5255484974013827,0.0,BASELINE,1.0,0.0,,7.7272005176417435,12.710817763694157,0.55,0.55,0,0,0,0,2
2019-05-03,0.5708937462476453,0.01352421471677071,DEFENSIVE_LIGHT,0.9,0.0,,7.7272005176417435,12.710817763694157,0.55,0.55,0,0,1,0,2
2019-05-10,0.6244127903321641,0.003936690355653522,DEFENSIVE_LIGHT,0.9,0.0,,7.7272005176417435,12.710817763694157,0.55,0.55,0,0,1,0,2
2019-05-17,0.6074619025969027,0.002931588774346153,DEFENSIVE_LIGHT,0.9,0.0,,7.7272005176417435,12.710817763694157,0.55,0.55,0,0,1,0,2
2019-05-24,0.48119627356631306,0.01109371451958876,BASELINE,1.0,0.0,,7.7272005176417435,12.710817763694157,0.55,0.55,0,0,0,0,2
2019-05-31,0.47897572332007665,0.03092510755097163,BASELINE,1.0,0.0,,7.7272005176417435,12.710817763694157,0.55,0.55,0,0,0,0,2
2019-06-07,0.38187807740153223,0.08547173199367818,BASELINE,1.0,0.0,,7.7272005176417435,12.710817763694157,0.55,0.55,0,0,0,0,2
2019-06-14,0.41242432649847177,0.04964011504766788,BASELINE,1.0,0.0,,7.7272005176417435,12.710817763694157,0.55,0.55,0,0,0,1,2
2019-06-21,0.3659423867540574,0.04461887746925492,BASELINE,1.0,0.0,,7.7272005176417435,12.710817763694157,0.55,0.55,0,0,0,0,2
2019-06-28,0.3580168834186553,0.03468343148413194,BASELINE,1.0,0.0,,7.7272005176417435,12.710817763694157,0.55,0.55,0,0,0,0,2
2019-07-05,0.34216156798306674,0.06120234971556789,BASELINE,1.0,0.0,,7.7272005176417435,12.710817763694157,0.55,0.55,0,0,0,0,2
2019-07-12,0.3450738422688787,0.08694209391269749,BASELINE,1.0,0.0,,7.7272005176417435,12.710817763694157,0.55,0.55,0,0,0,0,2
2019-07-19,0.5137928838209138,0.032767105281387446,BASELINE,1.0,0.0,,7.7272005176417435,12.710817763694157,0.55,0.55,0,0,0,1,2
2019-07-26,0.44898525732378064,0.03923339116040701,BASELINE,1.0,0.0,,7.7272005176417435,12.710817763694157,0.55,0.55,0,0,0,0,2
2019-08-02,0.5517003627902669,0.06593959987669655,DEFENSIVE_LIGHT,0.9,0.0,,7.7272005176417435,12.710817763694157,0.55,0.55,0,0,1,0,2
2019-08-09,0.25997414515857037,0.1321128775104442,BASELINE,1.0,0.0,,7.7272005176417435,12.710817763694157,0.55,0.55,0,0,0,0,2
2019-08-16,0.2529778116852892,0.260446047117119,BASELINE,1.0,0.0,,7.7272005176417435,12.710817763694157,0.55,0.55,0,0,0,0,2
2019-08-23,0.14364757490686916,0.4894321256907526,BASELINE,1.0,0.0,,7.7272005176417435,12.710817763694157,0.55,0.55,0,0,0,0,2
2019-08-30,0.12035376352456194,0.5434769342356699,BASELINE,1.0,0.0,,7.7272005176417435,12.710817763694157,0.55,0.55,0,0,0,0,2
2019-09-06,0.09912925180221561,0.5332054072136136,BASELINE,1.0,0.0,,7.7272005176417435,12.710817763694157,0.55,0.55,0,0,0,0,2
2019-09-13,0.08964276226941584,0.5292715088837935,BASELINE,1.0,0.0,,7.7272005176417435,12.710817763694157,0.55,0.55,0,0,0,0,2
2019-09-20,0.11926937879702916,0.45149122874458286,BASELINE,1.0,0.0,,7.7272005176417435,12.710817763694157,0.55,0.55,0,0,0,1,2
2019-09-27,0.2636488101603064,0.1681182235596672,BASELINE,1.0,0.0,,7.7272005176417435,12.710817763694157,0.55,0.55,0,0,0,1,2
2019-10-04,0.3527977109199528,0.15290749487985206,BASELINE,1.0,0.0,,7.7272005176417435,12.710817763694157,0.55,0.55,0,0,0,1,2
2019-10-11,0.3451589759744881,0.14486796276763286,BASELINE,1.0,0.0,,7.7272005176417435,12.710817763694157,0.55,0.55,0,0,0,1,2
2019-10-18,0.3670356063315526,0.15122876144070543,BASELINE,1.0,0.0,,7.7272005176417435,12.710817763694157,0.55,0.55,0,0,0,0,2
2019-10-25,0.32278713562324785,0.1362463509613999,BASELINE,1.0,0.0,,7.7272005176417435,12.710817763694157,0.55,0.55,0,0,0,0,2
2019-11-01,0.3684482365925605,0.09141357354429697,BASELINE,1.0,0.0,,7.7272005176417435,12.710817763694157,0.55,0.55,0,0,0,0,2
2019-11-08,0.4176562931412704,0.07898944722991917,BASELINE,1.0,0.0,,7.7272005176417435,12.710817763694157,0.55,0.55,0,0,0,0,2
2019-11-15,0.4899519127947491,0.0483074669255746,BASELINE,1.0,0.0,,7.7272005176417435,12.710817763694157,0.55,0.55,0,0,0,0,2
2019-11-22,0.5066117976565719,0.014061674392237806,BASELINE,1.0,0.0,,7.7272005176417435,12.710817763694157,0.55,0.55,0,0,0,0,2
2019-11-29,0.5845516595639243,0.0004696931270606144,DEFENSIVE_LIGHT,0.9,0.0,,7.7272005176417435,12.710817763694157,0.55,0.55,0,0,1,0,2
2019-12-06,0.65913821485973,0.0004696931270606144,DEFENSIVE_LIGHT,0.9,0.0,,7.7272005176417435,12.710817763694157,0.55,0.55,0,0,1,0,2
2019-12-13,0.6464387719633662,0.0004696931270606144,DEFENSIVE_LIGHT,0.9,0.0,,7.7272005176417435,12.710817763694157,0.55,0.55,0,0,1,0,2
2019-12-20,0.6000704696234712,0.0004696931270606144,DEFENSIVE_LIGHT,0.9,0.0,,7.7272005176417435,12.710817763694157,0.55,0.55,0,0,1,0,2
2019-12-27,0.6334609529848281,0.0004696931270606144,DEFENSIVE_LIGHT,0.9,0.0,,7.7272005176417435,12.710817763694157,0.55,0.55,0,0,1,0,2
2020-01-03,0.6660905269748464,0.0,DEFENSIVE_LIGHT,0.9,0.0,,7.7272005176417435,12.710817763694157,0.55,0.55,0,0,1,0,2
2020-01-10,0.6439647856859052,0.0,DEFENSIVE_LIGHT,0.9,0.0,,7.7272005176417435,12.710817763694157,0.55,0.55,0,0,1,0,2
2020-01-17,0.6035745216108495,0.0,DEFENSIVE_LIGHT,0.9,0.0,,7.7272005176417435,12.710817763694157,0.55,0.55,0,0,1,0,2
2020-01-24,0.591114741116432,0.0019508449010829322,DEFENSIVE_LIGHT,0.9,0.0,,7.7272005176417435,12.710817763694157,0.55,0.55,0,0,1,0,2
2020-01-31,0.6289666686482099,0.0019508449010829322,DEFENSIVE_LIGHT,0.9,0.0,,7.7272005176417435,12.710817763694157,0.55,0.55,0,0,1,0,2
2020-02-07,0.6479430690776448,0.00041000225275963063,DEFENSIVE_LIGHT,0.9,0.0,,7.7272005176417435,12.710817763694157,0.55,0.55,0,0,1,0,2
2020-02-14,0.6619244653890662,0.0,DEFENSIVE_LIGHT,0.9,0.0,,7.7272005176417435,12.710817763694157,0.55,0.55,0,0,1,0,2
2020-02-21,0.6433927145190629,0.0019508449010829322,DEFENSIVE_LIGHT,0.9,0.0,,7.7272005176417435,12.710817763694157,0.55,0.55,0,0,1,0,2
2020-02-28,0.35330079849041934,0.07669286717512276,BASELINE,1.0,0.0,,7.7272005176417435,12.710817763694157,0.55,0.55,0,0,0,0,2
2020-03-06,0.187700263837759,0.1391166465305892,BASELINE,1.0,0.0,,7.7272005176417435,12.710817763694157,0.55,0.55,0,0,0,0,2
2020-03-13,0.17133897967253703,0.5267581607503204,BASELINE,1.0,0.0,,7.7272005176417435,12.710817763694157,0.55,0.55,0,0,0,0,2
2020-03-20,0.13119925983750808,0.770568876820654,BASELINE,1.0,0.0,,7.7272005176417435,12.710817763694157,0.55,0.55,0,0,0,0,2
2020-03-27,0.1132368596453598,0.7315658910168119,BASELINE,1.0,0.0,,7.7272005176417435,12.710817763694157,0.55,0.55,0,0,0,0,2
2020-04-03,0.06698971747928889,0.8209092531728529,BASELINE,1.0,0.0,,7.7272005176417435,12.710817763694157,0.55,0.55,0,0,0,0,2
2020-04-17,0.11114466898037241,0.5458035906303419,BASELINE,1.0,0.0,,7.7272005176417435,12.710817763694157,0.55,0.55,0,0,0,0,2
2020-04-24,0.08847769318912867,0.46981352353590033,BASELINE,1.0,0.0,,7.7272005176417435,12.710817763694157,0.55,0.55,0,0,0,0,2
2020-05-01,0.08133729871174719,0.4752876043116924,BASELINE,1.0,0.0,,7.7272005176417435,12.710817763694157,0.55,0.55,0,0,0,0,2
2020-05-08,0.08277861670515613,0.3951840424159526,BASELINE,1.0,0.0,,7.7272005176417435,12.710817763694157,0.55,0.55,0,0,0,0,2
2020-05-15,0.11873267901223919,0.3274340332400775,BASELINE,1.0,0.0,,7.7272005176417435,12.710817763694157,0.55,0.55,0,0,0,0,2
2020-05-22,0.18310562278317427,0.23600886085948092,BASELINE,1.0,0.0,,7.7272005176417435,12.710817763694157,0.55,0.55,0,0,0,0,2
2020-05-29,0.19338479566881614,0.20800102943814147,BASELINE,1.0,0.0,,7.7272005176417435,12.710817763694157,0.55,0.55,0,0,0,0,2
2020-06-05,0.19143764741120797,0.2005924296810432,BASELINE,1.0,0.0,,7.7272005176417435,12.710817763694157,0.55,0.55,0,0,0,0,2
2020-06-12,0.22148921659003926,0.2217922905768581,BASELINE,1.0,0.0,,7.7272005176417435,12.710817763694157,0.55,0.55,0,0,0,0,2
2020-06-19,0.22271573894772204,0.18730888464147957,BASELINE,1.0,0.0,,7.7272005176417435,12.710817763694157,0.55,0.55,0,0,0,0,2
2020-06-26,0.2866434940397781,0.2189969793801944,BASELINE,1.0,0.0,,7.7272005176417435,12.710817763694157,0.55,0.55,0,0,0,0,2
2020-07-10,0.445625836511885,0.0617623363436997,BASELINE,1.0,0.0,,7.7272005176417435,12.710817763694157,0.55,0.55,0,0,0,0,2
2020-07-17,0.4914072314681183,0.05515055659265478,BASELINE,1.0,0.0,,7.7272005176417435,12.710817763694157,0.55,0.55,0,0,0,0,2
2020-07-24,0.49168650127043106,0.052476964690258164,BASELINE,1.0,0.0,,7.7272005176417435,12.710817763694157,0.55,0.55,0,0,0,0,2
2020-07-31,0.47337302066516057,0.04190249884505027,BASELINE,1.0,0.0,,7.7272005176417435,12.710817763694157,0.55,0.55,0,0,0,0,2
2020-08-07,0.4436481602852722,0.029732808348610834,BASELINE,1.0,0.0,,7.7272005176417435,12.710817763694157,0.55,0.55,0,0,0,0,2
2020-08-14,0.4233528704921474,0.03934169544313999,BASELINE,1.0,0.0,,7.7272005176417435,12.710817763694157,0.55,0.55,0,0,0,0,2
2020-08-21,0.5315099740227545,0.032506778344466615,BASELINE,1.0,0.0,,7.7272005176417435,12.710817763694157,0.55,0.55,0,0,0,0,2
2020-08-28,0.5692353147240529,0.02646024955954117,DEFENSIVE_LIGHT,0.9,0.0,,7.7272005176417435,12.710817763694157,0.55,0.55,0,0,1,0,2
2020-09-04,0.4553488255007001,0.07261330250498946,BASELINE,1.0,0.0,,7.7272005176417435,12.710817763694157,0.55,0.55,0,0,0,0,2
2020-09-11,0.3874381339559669,0.0525327486708039,BASELINE,1.0,0.0,,7.7272005176417435,12.710817763694157,0.55,0.55,0,0,0,0,2
2020-09-18,0.3886477853462802,0.05305192076714188,BASELINE,1.0,0.0,,7.7272005176417435,12.710817763694157,0.55,0.55,0,0,0,0,2
2020-09-25,0.319164799499729,0.07654159991172549,BASELINE,1.0,0.0,,7.7272005176417435,12.710817763694157,0.55,0.55,0,0,0,0,2
2020-10-02,0.36976997129367195,0.1018841133927554,BASELINE,1.0,0.0,,7.7272005176417435,12.710817763694157,0.55,0.55,0,0,0,0,2
2020-10-09,0.3655040339691961,0.061750795838687284,BASELINE,1.0,0.0,,7.7272005176417435,12.710817763694157,0.55,0.55,0,0,0,0,2
2020-10-16,0.4504855574297319,0.06253129658975891,BASELINE,1.0,0.0,,7.7272005176417435,12.710817763694157,0.55,0.55,0,0,0,0,2
2020-10-23,0.47928746655413906,0.07664179613660936,BASELINE,1.0,0.0,,7.7272005176417435,12.710817763694157,0.55,0.55,0,0,0,0,2
2020-10-30,0.32091391930415436,0.1034067635028009,BASELINE,1.0,0.0,,7.7272005176417435,12.710817763694157,0.55,0.55,0,0,0,0,2
2020-11-06,0.3093673076509653,0.06588144060284587,BASELINE,1.0,0.0,,7.7272005176417435,12.710817763694157,0.55,0.55,0,0,0,0,2
2020-11-13,0.4014638543949135,0.10506111659634972,BASELINE,1.0,0.0,,7.7272005176417435,12.710817763694157,0.55,0.55,0,0,0,0,2
2020-11-20,0.3763874101186704,0.06707988105670137,BASELINE,1.0,0.0,,7.7272005176417435,12.710817763694157,0.55,0.55,0,0,0,1,2
2020-11-27,0.3417901850893481,0.07282341796971495,BASELINE,1.0,0.0,,7.7272005176417435,12.710817763694157,0.55,0.55,0,0,0,0,2
2020-12-04,0.3715227435395663,0.07488075898443644,BASELINE,1.0,0.0,,7.7272005176417435,12.710817763694157,0.55,0.55,0,0,0,0,2
2020-12-11,0.4429039773406448,0.060381725954646456,BASELINE,1.0,0.0,,7.7272005176417435,12.710817763694157,0.55,0.55,0,0,0,0,2
2020-12-18,0.4877236686029413,0.05800095767762179,BASELINE,1.0,0.0,,7.7272005176417435,12.710817763694157,0.55,0.55,0,0,0,0,2
2021-01-08,0.4518635093563249,0.030279624185262043,BASELINE,1.0,0.0,,8.422324942228125,14.800872510040751,0.65,0.55,0,0,0,0,3
2021-01-15,0.49623504847387717,0.026024352847191682,BASELINE,1.0,0.0,,8.422324942228125,14.800872510040751,0.65,0.55,0,0,0,1,3
2021-01-22,0.49613238471187937,0.019723670555846715,BASELINE,1.0,0.0,,8.422324942228125,14.800872510040751,0.65,0.55,0,0,0,0,3
2021-01-29,0.4419252395771604,0.04172682058398168,BASELINE,1.0,0.0,,8.422324942228125,14.800872510040751,0.65,0.55,0,0,0,0,3
2021-02-05,0.46118142251614314,0.0348678910706253,BASELINE,1.0,0.0,,8.422324942228125,14.800872510040751,0.65,0.55,0,0,0,0,3
2021-02-12,0.5025110091356209,0.00572713613142342,BASELINE,1.0,0.0,,8.422324942228125,14.800872510040751,0.65,0.55,0,0,0,0,3
2021-02-19,0.5321393154202124,0.012643085663230455,BASELINE,1.0,0.0,,8.422324942228125,14.800872510040751,0.65,0.55,0,0,0,0,3
2021-02-26,0.38401837755483265,0.0463379936873131,BASELINE,1.0,0.0,,8.422324942228125,14.800872510040751,0.65,0.55,0,0,0,0,3
2021-03-05,0.40837236663150445,0.0639334703720232,BASELINE,1.0,0.0,,8.422324942228125,14.800872510040751,0.65,0.55,0,0,0,0,3
2021-03-12,0.336833910378274,0.09723839249563529,BASELINE,1.0,0.0,,8.422324942228125,14.800872510040751,0.65,0.55,0,0,0,0,3
2021-03-19,0.3149115957470405,0.2662807256599392,BASELINE,1.0,0.0,,8.422324942228125,14.800872510040751,0.65,0.55,0,0,0,0,3
2021-03-26,0.3024146853313035,0.2278606326315601,BASELINE,1.0,0.0,,8.422324942228125,14.800872510040751,0.65,0.55,0,0,0,1,3
2021-04-09,0.3100553050084581,0.07619305026946989,BASELINE,1.0,0.0,,8.422324942228125,14.800872510040751,0.65,0.55,0,0,0,0,3
2021-04-16,0.3611342832926447,0.049214869796443454,BASELINE,1.0,0.0,,8.422324942228125,14.800872510040751,0.65,0.55,0,0,0,0,3
2021-04-23,0.3775076806610787,0.03836029290067482,BASELINE,1.0,0.0,,8.422324942228125,14.800872510040751,0.65,0.55,0,0,0,0,3
2021-04-30,0.4158686960020991,0.030498684180689618,BASELINE,1.0,0.0,,8.422324942228125,14.800872510040751,0.65,0.55,0,0,0,0,3
2021-05-07,0.4164406091039674,0.031291638567620246,BASELINE,1.0,0.0,,8.422324942228125,14.800872510040751,0.65,0.55,0,0,0,1,3
2021-05-14,0.3185640212564918,0.1583919989874378,BASELINE,1.0,0.0,,8.422324942228125,14.800872510040751,0.65,0.55,0,0,0,0,3
2021-05-21,0.27762007331265226,0.10567424058423332,BASELINE,1.0,0.0,,8.422324942228125,14.800872510040751,0.65,0.55,0,0,0,1,3
2021-05-28,0.2820323568952916,0.08657954012764942,BASELINE,1.0,0.0,,8.422324942228125,14.800872510040751,0.65,0.55,0,0,0,1,3
2021-06-04,0.28183991406084846,0.06454749392335998,BASELINE,1.0,0.0,,8.422324942228125,14.800872510040751,0.65,0.55,0,0,0,0,3
2021-06-11,0.2998606744677128,0.056318057530071,BASELINE,1.0,0.0,,8.422324942228125,14.800872510040751,0.65,0.55,0,0,0,0,3
2021-06-18,0.3556169410067276,0.020620241690561706,BASELINE,1.0,0.0,,8.422324942228125,14.800872510040751,0.65,0.55,0,0,0,0,3
2021-06-25,0.40224692592516287,0.015055898241305968,BASELINE,1.0,0.0,,8.422324942228125,14.800872510040751,0.65,0.55,0,0,0,0,3
2021-07-02,0.4913566445280869,0.006360878921723408,BASELINE,1.0,0.0,,8.422324942228125,14.800872510040751,0.65,0.55,0,0,0,0,3
2021-07-09,0.49695653986146743,0.006360878921723408,BASELINE,1.0,0.0,,8.422324942228125,14.800872510040751,0.65,0.55,0,0,0,0,3
2021-07-16,0.46948453036649584,0.01176768810898992,BASELINE,1.0,0.0,,8.422324942228125,14.800872510040751,0.65,0.55,0,0,0,0,3
2021-07-23,0.5062540602332901,0.0,BASELINE,1.0,0.0,,8.422324942228125,14.800872510040751,0.65,0.55,0,0,0,0,3
2021-07-30,0.507800798305026,0.0,BASELINE,1.0,0.0,,8.422324942228125,14.800872510040751,0.65,0.55,0,0,0,0,3
2021-08-06,0.5841893051492121,0.0,BASELINE,1.0,0.0,,8.422324942228125,14.800872510040751,0.65,0.55,0,0,0,0,3
2021-08-13,0.6409748631470716,0.0,BASELINE,1.0,0.0,,8.422324942228125,14.800872510040751,0.65,0.55,0,0,0,0,3
2021-08-20,0.5970770951126796,0.0,BASELINE,1.0,0.0,,8.422324942228125,14.800872510040751,0.65,0.55,0,0,0,0,3
2021-08-27,0.5582353137698598,0.0023449735449735457,BASELINE,1.0,0.0,,8.422324942228125,14.800872510040751,0.65,0.55,0,0,0,0,3
2021-09-03,0.5605612657233204,0.0023449735449735457,BASELINE,1.0,0.0,,8.422324942228125,14.800872510040751,0.65,0.55,0,0,0,0,3
2021-09-10,0.5852754115193014,0.0063213313611451775,BASELINE,1.0,0.0,,8.422324942228125,14.800872510040751,0.65,0.55,0,0,0,0,3
2021-09-17,0.5894269122383284,0.003976357816171631,BASELINE,1.0,0.0,,8.422324942228125,14.800872510040751,0.65,0.55,0,0,0,0,3
2021-09-24,0.522603412622149,0.005136809815020644,BASELINE,1.0,0.0,,8.422324942228125,14.800872510040751,0.65,0.55,0,0,0,0,3
2021-10-01,0.5226279287732881,0.023050373138176105,BASELINE,1.0,0.0,,8.422324942228125,14.800872510040751,0.65,0.55,0,0,0,0,3
2021-10-08,0.3852338206099783,0.028563267320731823,BASELINE,1.0,0.0,,8.422324942228125,14.800872510040751,0.65,0.55,0,0,0,0,3
2021-10-15,0.4261924579467042,0.0013689619732785208,BASELINE,1.0,0.0,,8.422324942228125,14.800872510040751,0.65,0.55,0,0,0,0,3
2021-10-22,0.35057896730488625,0.013060033162498961,BASELINE,1.0,0.0,,8.422324942228125,14.800872510040751,0.65,0.55,0,0,0,0,3
2021-10-29,0.3785886309413889,0.02614559869268256,BASELINE,1.0,0.0,,8.422324942228125,14.800872510040751,0.65,0.55,0,0,0,0,3
2021-11-05,0.5320884029254502,0.0026140979689366784,BASELINE,1.0,0.0,,8.422324942228125,14.800872510040751,0.65,0.55,0,0,0,0,3
2021-11-12,0.5512002831764007,0.002906701708278581,BASELINE,1.0,0.0,,8.422324942228125,14.800872510040751,0.65,0.55,0,0,0,0,3
2021-11-19,0.6175046872926248,0.0,BASELINE,1.0,0.0,,8.422324942228125,14.800872510040751,0.65,0.55,0,0,0,0,3
2021-11-26,0.536872132625669,0.01533050970156307,BASELINE,1.0,0.0,,8.422324942228125,14.800872510040751,0.65,0.55,0,0,0,0,3
2021-12-03,0.422977553364016,0.014684237578207707,BASELINE,1.0,0.0,,8.422324942228125,14.800872510040751,0.65,0.55,0,0,0,0,3
2021-12-10,0.43637439847978915,0.009235551332605311,BASELINE,1.0,0.0,,8.422324942228125,14.800872510040751,0.65,0.55,0,0,0,0,3
2021-12-17,0.4232146095269895,0.015184982644162738,BASELINE,1.0,0.0,,8.422324942228125,14.800872510040751,0.65,0.55,0,0,0,0,3
2021-12-31,0.4190311182988546,0.014596478446085352,BASELINE,1.0,0.0,,8.422324942228125,14.800872510040751,0.65,0.55,0,0,0,0,3
2022-01-07,0.36785833907309556,0.05497177515650202,BASELINE,1.0,0.0,,8.422324942228125,14.800872510040751,0.65,0.55,0,0,0,0,3
2022-01-14,0.1715926878576508,0.15031021369852635,BASELINE,1.0,0.0,,8.422324942228125,14.800872510040751,0.65,0.55,0,0,0,0,3
2022-01-21,0.20109774949758963,0.33697974466903763,BASELINE,1.0,0.0,,8.422324942228125,14.800872510040751,0.65,0.55,0,0,0,0,3
2022-01-28,0.24951479850460814,0.6496366939477994,BASELINE,1.0,0.0,,8.422324942228125,14.800872510040751,0.65,0.55,0,0,0,0,3
2022-02-04,0.19818728261664612,0.8056656934755502,BASELINE,1.0,0.0,,8.422324942228125,14.800872510040751,0.65,0.55,0,0,0,0,3
2022-02-11,0.1476091428811465,0.8217150434424203,BASELINE,1.0,0.0,,8.422324942228125,14.800872510040751,0.65,0.55,0,0,0,0,3
2022-02-18,0.09256578496945964,0.8379395145719042,BASELINE,1.0,0.0,,8.422324942228125,14.800872510040751,0.65,0.55,0,0,0,0,3
2022-02-25,0.02965408997103564,0.8482627736943623,BASELINE,1.0,0.0,,8.422324942228125,14.800872510040751,0.65,0.55,0,0,0,0,3
2022-03-04,0.035607821941939365,0.8111949499299065,BASELINE,1.0,0.0,,8.422324942228125,14.800872510040751,0.65,0.55,0,0,0,0,3
2022-03-11,0.04669791399689188,0.7349218221077458,BASELINE,1.0,0.0,,8.422324942228125,14.800872510040751,0.65,0.55,0,0,0,0,3
2022-03-18,0.08757614164596068,0.6900780500235505,BASELINE,1.0,0.0,,8.422324942228125,14.800872510040751,0.65,0.55,0,0,0,0,3
2022-03-25,0.016829385879908832,0.7107073493985147,BASELINE,1.0,0.0,,8.422324942228125,14.800872510040751,0.65,0.55,0,0,0,0,3
2022-04-01,0.09276735815932034,0.6886076631956924,BASELINE,1.0,0.0,,8.422324942228125,14.800872510040751,0.65,0.55,0,0,0,0,3
2022-04-08,0.10620658752618796,0.7305375578095483,BASELINE,1.0,0.0,,8.422324942228125,14.800872510040751,0.65,0.55,0,0,0,0,3
2022-04-22,0.04114686437092321,0.7987942658903613,BASELINE,1.0,0.0,,8.422324942228125,14.800872510040751,0.65,0.55,0,0,0,0,3
2022-04-29,0.03931201810934847,0.7594016179330688,BASELINE,1.0,0.0,,8.422324942228125,14.800872510040751,0.65,0.55,0,0,0,0,3
2022-05-06,0.07910803615235311,0.7687944342406264,BASELINE,1.0,0.0,,8.422324942228125,14.800872510040751,0.65,0.55,0,0,0,0,3
2022-05-13,0.03148557929062897,0.7758822520472415,BASELINE,1.0,0.0,,8.422324942228125,14.800872510040751,0.65,0.55,0,0,0,0,3
2022-05-20,0.03579519770744063,0.6953212481957741,BASELINE,1.0,0.0,,8.422324942228125,14.800872510040751,0.65,0.55,0,0,0,0,3
2022-05-27,0.035852498712661586,0.6395727612068233,BASELINE,1.0,0.0,,8.422324942228125,14.800872510040751,0.65,0.55,0,0,0,0,3
2022-06-03,0.0770203142244744,0.6781954862139289,BASELINE,1.0,0.0,,8.422324942228125,14.800872510040751,0.65,0.55,0,0,0,0,3
2022-06-10,0.07344579721473703,0.6725971684310967,BASELINE,1.0,0.0,,8.422324942228125,14.800872510040751,0.65,0.55,0,0,0,0,3
2022-06-17,0.028607931178709602,0.6275581142555433,BASELINE,1.0,0.0,,8.422324942228125,14.800872510040751,0.65,0.55,0,0,0,0,3
2022-06-24,0.035024912416074465,0.5803104257100441,BASELINE,1.0,0.0,,8.422324942228125,14.800872510040751,0.65,0.55,0,0,0,0,3
2022-07-01,0.07893521297364293,0.6090739801992643,BASELINE,1.0,0.0,,8.422324942228125,14.800872510040751,0.65,0.55,0,0,0,0,3
2022-07-08,0.07869279290308136,0.5925496776096175,BASELINE,1.0,0.0,,8.422324942228125,14.800872510040751,0.65,0.55,0,0,0,0,3
2022-07-15,0.08274486673128416,0.6330906950540832,BASELINE,1.0,0.0,,8.422324942228125,14.800872510040751,0.65,0.55,0,0,0,0,3
2022-07-22,0.09991893254671975,0.6473369633839384,BASELINE,1.0,0.0,,8.422324942228125,14.800872510040751,0.65,0.55,0,0,0,0,3
2022-07-29,0.10498585705920663,0.6486067982128277,BASELINE,1.0,0.0,,8.422324942228125,14.800872510040751,0.65,0.55,0,0,0,0,3
2022-08-05,0.13551254344873084,0.6580727789811645,BASELINE,1.0,0.0,,8.422324942228125,14.800872510040751,0.65,0.55,0,0,0,0,3
2022-08-12,0.12187315742882111,0.6892645547902251,BASELINE,1.0,0.0,,8.422324942228125,14.800872510040751,0.65,0.55,0,0,0,0,3
2022-08-19,0.15203543317993196,0.7017479310577214,BASELINE,1.0,0.0,,8.422324942228125,14.800872510040751,0.65,0.55,0,0,0,0,3
2022-08-26,0.13292617179370406,0.6625144128398628,BASELINE,1.0,0.0,,8.422324942228125,14.800872510040751,0.65,0.55,0,0,0,1,3
2022-09-02,0.04050648867994363,0.7294435477628819,BASELINE,1.0,0.0,,8.422324942228125,14.800872510040751,0.65,0.55,0,0,0,0,3
2022-09-09,0.09251046673733095,0.6944897674441661,BASELINE,1.0,0.0,,8.422324942228125,14.800872510040751,0.65,0.55,0,0,0,0,3
2022-09-16,0.07176077049862073,0.7657135102545984,BASELINE,1.0,0.0,,8.422324942228125,14.800872510040751,0.65,0.55,0,0,0,0,3
2022-09-23,0.07336728216894775,0.7630159033973664,BASELINE,1.0,0.0,,8.422324942228125,14.800872510040751,0.65,0.55,0,0,0,0,3
2022-09-30,0.18450712121690005,0.7010617370258173,BASELINE,1.0,0.0,,8.422324942228125,14.800872510040751,0.65,0.55,0,0,0,0,3
2022-10-07,0.1912137060617587,0.6971896888117112,BASELINE,1.0,0.0,,8.422324942228125,14.800872510040751,0.65,0.55,0,0,0,0,3
2022-10-14,0.14796506503882137,0.663599508914951,BASELINE,1.0,0.0,,8.422324942228125,14.800872510040751,0.65,0.55,0,0,0,0,3
2022-10-21,0.15399171280822593,0.6912857703760277,BASELINE,1.0,0.0,,8.422324942228125,14.800872510040751,0.65,0.55,0,0,0,0,3
2022-10-28,0.16822681673246873,0.6800913293718149,BASELINE,1.0,0.0,,8.422324942228125,14.800872510040751,0.65,0.55,0,0,0,0,3
2022-11-04,0.18510093738932296,0.7040472527994032,BASELINE,1.0,0.0,,8.422324942228125,14.800872510040751,0.65,0.55,0,0,0,0,3
2022-11-11,0.2152430311804113,0.6499361118333593,BASELINE,1.0,0.0,,8.422324942228125,14.800872510040751,0.65,0.55,0,0,0,0,3
2022-11-18,0.18399800356681012,0.7281946294852334,BASELINE,1.0,0.0,,8.422324942228125,14.800872510040751,0.65,0.55,0,0,0,0,3
2022-11-25,0.1700887202096438,0.7331326822668308,BASELINE,1.0,0.0,,8.422324942228125,14.800872510040751,0.65,0.55,0,0,0,0,3
2022-12-02,0.1610416564028163,0.7145749653175224,BASELINE,1.0,0.0,,8.422324942228125,14.800872510040751,0.65,0.55,0,0,0,0,3
2022-12-09,0.1530822605988454,0.7669979667061197,BASELINE,1.0,0.0,,8.422324942228125,14.800872510040751,0.65,0.55,0,0,0,0,3
2022-12-16,0.20511766169764,0.6677534087626956,BASELINE,1.0,0.0,,8.422324942228125,14.800872510040751,0.65,0.55,0,0,0,0,3
2022-12-23,0.2032157955066631,0.7416584717091701,BASELINE,1.0,0.0,,8.422324942228125,14.800872510040751,0.65,0.55,0,0,0,0,3
2022-12-30,0.193649460612101,0.7025316435342945,BASELINE,1.0,0.0,,8.422324942228125,14.800872510040751,0.65,0.55,0,0,0,0,3
2023-01-06,0.2169606746847858,0.2815937636281217,BASELINE,1.0,0.0,,7.240074950644641,7.705190126350932,0.65,0.55,0,0,0,0,4
2023-01-13,0.23421467699869183,0.25192689163831805,BASELINE,1.0,0.0,,7.240074950644641,7.705190126350932,0.65,0.55,0,0,0,0,4
2023-01-20,0.26050904219910437,0.24630920676595264,BASELINE,1.0,0.0,,7.240074950644641,7.705190126350932,0.65,0.55,0,0,0,0,4
2023-01-27,0.28795761769337247,0.24837630781613415,BASELINE,1.0,0.0,,7.240074950644641,7.705190126350932,0.65,0.55,0,0,0,0,4
2023-02-03,0.29270015335720806,0.23605468901215337,BASELINE,1.0,0.0,,7.240074950644641,7.705190126350932,0.65,0.55,0,0,0,0,4
2023-02-10,0.30210283409162964,0.12144403486768111,BASELINE,1.0,0.0,,7.240074950644641,7.705190126350932,0.65,0.55,0,0,0,0,4
2023-02-17,0.2799178608605282,0.12093291806262645,BASELINE,1.0,0.0,,7.240074950644641,7.705190126350932,0.65,0.55,0,0,0,0,4
2023-02-24,0.2994639351120724,0.37140348344062124,BASELINE,1.0,0.0,,7.240074950644641,7.705190126350932,0.65,0.55,0,0,0,0,4
2023-03-03,0.2246170615785842,0.37221405367747185,BASELINE,1.0,0.0,,7.240074950644641,7.705190126350932,0.65,0.55,0,0,0,0,4
2023-03-10,0.2802873096503791,0.20688090724879604,BASELINE,1.0,0.0,,7.240074950644641,7.705190126350932,0.65,0.55,0,0,0,0,4
2023-03-17,0.2610825152380839,0.22872789405244387,BASELINE,1.0,0.0,,7.240074950644641,7.705190126350932,0.65,0.55,0,0,0,0,4
2023-03-24,0.30313788179362217,0.21345114029768444,BASELINE,1.0,0.0,,7.240074950644641,7.705190126350932,0.65,0.55,0,0,0,0,4
2023-03-31,0.31469393912668575,0.15802989879513993,BASELINE,1.0,0.0,,7.240074950644641,7.705190126350932,0.65,0.55,0,0,0,0,4
2023-04-14,0.36481546802415515,0.0558798948164786,BASELINE,1.0,0.0,,7.240074950644641,7.705190126350932,0.65,0.55,0,0,0,0,4
2023-04-21,0.37073824114505194,0.048096840149872526,BASELINE,1.0,0.0,,7.240074950644641,7.705190126350932,0.65,0.55,0,0,0,0,4
2023-04-28,0.37528359288483504,0.05236262683033368,BASELINE,1.0,0.0,,7.240074950644641,7.705190126350932,0.65,0.55,0,0,0,0,4
2023-05-05,0.37899021041113484,0.06298494430553234,BASELINE,1.0,0.0,,7.240074950644641,7.705190126350932,0.65,0.55,0,0,0,0,4
2023-05-12,0.44863755827254187,0.024168823530437675,BASELINE,1.0,0.0,,7.240074950644641,7.705190126350932,0.65,0.55,0,0,0,0,4
2023-05-19,0.4665947133246334,0.03116692154829512,BASELINE,1.0,0.0,,7.240074950644641,7.705190126350932,0.65,0.55,0,0,0,0,4
2023-05-26,0.530278867773913,0.0275952507130378,BASELINE,1.0,0.0,,7.240074950644641,7.705190126350932,0.65,0.55,0,0,0,0,4
2023-06-02,0.5892939065689439,0.04564773779696907,BASELINE,1.0,0.0,,7.240074950644641,7.705190126350932,0.65,0.55,0,0,0,0,4
2023-06-09,0.5619279948649801,0.0331265645345629,BASELINE,1.0,0.0,,7.240074950644641,7.705190126350932,0.65,0.55,0,0,0,0,4
2023-06-16,0.578992091869811,0.04061871342564838,BASELINE,1.0,0.0,,7.240074950644641,7.705190126350932,0.65,0.55,0,0,0,0,4
2023-06-23,0.5685565294422847,0.03318367051527362,BASELINE,1.0,0.0,,7.240074950644641,7.705190126350932,0.65,0.55,0,0,0,0,4
2023-06-30,0.5437344006818362,0.03407962527415208,BASELINE,1.0,0.0,,7.240074950644641,7.705190126350932,0.65,0.55,0,0,0,0,4
2023-07-07,0.6041014697202081,0.029645904862220133,BASELINE,1.0,0.0,,7.240074950644641,7.705190126350932,0.65,0.55,0,0,0,0,4
2023-07-14,0.638774119398755,0.022429421699419222,BASELINE,1.0,0.0,,7.240074950644641,7.705190126350932,0.65,0.55,0,0,0,0,4
2023-07-21,0.5773283878756688,0.028637642997541568,BASELINE,1.0,0.0,,7.240074950644641,7.705190126350932,0.65,0.55,0,0,0,0,4
2023-07-28,0.6176370542296149,0.006063065143356143,BASELINE,1.0,0.0,,7.240074950644641,7.705190126350932,0.65,0.55,0,0,0,0,4
2023-08-04,0.6566017349958682,0.02426625092657386,DEFENSIVE_LIGHT,0.85,0.0,,7.240074950644641,7.705190126350932,0.65,0.55,0,0,1,0,4
2023-08-11,0.5544555433590487,0.03318733465432859,BASELINE,1.0,0.0,,7.240074950644641,7.705190126350932,0.65,0.55,0,0,0,0,4
2023-08-18,0.48188259681217077,0.054025592318056655,BASELINE,1.0,0.0,,7.240074950644641,7.705190126350932,0.65,0.55,0,0,0,0,4
2023-08-25,0.42547040392008895,0.015952898490199083,BASELINE,1.0,0.0,,7.240074950644641,7.705190126350932,0.65,0.55,0,0,0,0,4
2023-09-01,0.5037971484785815,0.019622061430670832,BASELINE,1.0,0.0,,7.240074950644641,7.705190126350932,0.65,0.55,0,0,0,0,4
2023-09-08,0.523343536662633,0.005804694046793664,BASELINE,1.0,0.0,,7.240074950644641,7.705190126350932,0.65,0.55,0,0,0,0,4
2023-09-15,0.5108746659201963,0.025649300063752864,BASELINE,1.0,0.0,,7.240074950644641,7.705190126350932,0.65,0.55,0,0,0,1,4
2023-09-22,0.4399576866050482,0.09164992036742857,BASELINE,1.0,0.0,,7.240074950644641,7.705190126350932,0.65,0.55,0,0,0,0,4
2023-09-29,0.3826373845831385,0.093905617302519,BASELINE,1.0,0.0,,7.240074950644641,7.705190126350932,0.65,0.55,0,0,0,0,4
2023-10-06,0.3307991744160651,0.11134780466724217,BASELINE,1.0,0.0,,7.240074950644641,7.705190126350932,0.65,0.55,0,0,0,1,4
2023-10-13,0.41825145090552757,0.037317007922873686,BASELINE,1.0,0.0,,7.240074950644641,7.705190126350932,0.65,0.55,0,0,0,0,4
2023-10-20,0.41779413791584985,0.04395564714765932,BASELINE,1.0,0.0,,7.240074950644641,7.705190126350932,0.65,0.55,0,0,0,0,4
2023-10-27,0.3302571769587364,0.16118924550624164,BASELINE,1.0,0.0,,7.240074950644641,7.705190126350932,0.65,0.55,0,0,0,0,4
2023-11-03,0.32319766211328604,0.056899916312309125,BASELINE,1.0,0.0,,7.240074950644641,7.705190126350932,0.65,0.55,0,0,0,0,4
2023-11-10,0.3568829393104042,0.026241082858336953,BASELINE,1.0,0.0,,7.240074950644641,7.705190126350932,0.65,0.55,0,0,0,0,4
2023-11-17,0.5035016712667466,0.002450650313620104,BASELINE,1.0,0.0,,7.240074950644641,7.705190126350932,0.65,0.55,0,0,0,0,4
2023-11-24,0.5799137030478188,0.0089437498084658,BASELINE,1.0,0.0,,7.240074950644641,7.705190126350932,0.65,0.55,0,0,0,0,4
2023-12-01,0.5568899841260065,0.012661808403893726,BASELINE,1.0,0.0,,7.240074950644641,7.705190126350932,0.65,0.55,0,0,0,0,4
2023-12-08,0.5484652326315281,0.003280757097791798,BASELINE,1.0,0.0,,7.240074950644641,7.705190126350932,0.65,0.55,0,0,0,0,4
2023-12-15,0.5543049410699512,0.004514164523208344,BASELINE,1.0,0.0,,7.240074950644641,7.705190126350932,0.65,0.55,0,0,0,0,4
2023-12-22,0.6080063588740794,0.0,BASELINE,1.0,0.0,,7.240074950644641,7.705190126350932,0.65,0.55,0,0,0,0,4
2023-12-29,0.6147723798538817,0.0,BASELINE,1.0,0.0,,7.240074950644641,7.705190126350932,0.65,0.55,0,0,0,0,4
2024-01-05,0.5569392911603882,0.0,BASELINE,1.0,0.0,,7.240074950644641,7.705190126350932,0.65,0.55,0,0,0,0,4
2024-01-12,0.578134929884655,0.0,BASELINE,1.0,0.0,,7.240074950644641,7.705190126350932,0.65,0.55,0,0,0,0,4
2024-01-19,0.5972049817691328,0.0,BASELINE,1.0,0.0,,7.240074950644641,7.705190126350932,0.65,0.55,0,0,0,0,4
2024-01-26,0.59522971207949,0.0,BASELINE,1.0,0.0,,7.240074950644641,7.705190126350932,0.65,0.55,0,0,0,0,4
2024-02-02,0.5712032116896126,0.019189913008854295,BASELINE,1.0,0.0,,7.240074950644641,7.705190126350932,0.65,0.55,0,0,0,0,4
2024-02-09,0.6103417872476721,0.008951187492102126,BASELINE,1.0,0.0,,7.240074950644641,7.705190126350932,0.65,0.55,0,0,0,0,4
2024-02-16,0.6090531816095113,0.016386389631948255,BASELINE,1.0,0.0,,7.240074950644641,7.705190126350932,0.65,0.55,0,0,0,0,4
2024-02-23,0.5476704633312202,0.016230835997481867,BASELINE,1.0,0.0,,7.240074950644641,7.705190126350932,0.65,0.55,0,0,0,0,4
2024-03-01,0.5811861410087826,0.01911573312629481,BASELINE,1.0,0.0,,7.240074950644641,7.705190126350932,0.65,0.55,0,0,0,0,4
2024-03-08,0.5664321823123782,0.021620579856304657,BASELINE,1.0,0.0,,7.240074950644641,7.705190126350932,0.65,0.55,0,0,0,0,4
2024-03-15,0.5842300624293256,0.021868863918510586,BASELINE,1.0,0.0,,7.240074950644641,7.705190126350932,0.65,0.55,0,0,0,0,4
2024-03-22,0.6013989866098942,0.011403826285796436,BASELINE,1.0,0.0,,7.240074950644641,7.705190126350932,0.65,0.55,0,0,0,0,4
2024-04-05,0.64157443968544,0.026007280058166007,BASELINE,1.0,0.0,,7.240074950644641,7.705190126350932,0.65,0.55,0,0,0,0,4
2024-04-12,0.6493531683251381,0.018717894468943546,BASELINE,1.0,0.0,,7.240074950644641,7.705190126350932,0.65,0.55,0,0,0,0,4
2024-04-19,0.5743391922336387,0.060556519278947556,BASELINE,1.0,0.0,,7.240074950644641,7.705190126350932,0.65,0.55,0,0,0,0,4
2024-04-26,0.49788867231464706,0.046264458428586376,BASELINE,1.0,0.0,,7.240074950644641,7.705190126350932,0.65,0.55,0,0,0,0,4
2024-05-03,0.556576817367875,0.005753596016664318,BASELINE,1.0,0.0,,7.240074950644641,7.705190126350932,0.65,0.55,0,0,0,0,4
2024-05-10,0.5883359686525519,0.007366126192956033,BASELINE,1.0,0.0,,7.240074950644641,7.705190126350932,0.65,0.55,0,0,0,0,4
2024-05-17,0.6037515369854414,0.006664192806090991,BASELINE,1.0,0.0,,7.240074950644641,7.705190126350932,0.65,0.55,0,0,0,0,4
2024-05-24,0.656954185320208,0.007161220776619437,DEFENSIVE_LIGHT,0.85,0.0,,7.240074950644641,7.705190126350932,0.65,0.55,0,0,1,0,4
2024-05-31,0.6235723123503042,0.00039871185401012114,BASELINE,1.0,0.0,,7.240074950644641,7.705190126350932,0.65,0.55,0,0,0,0,4
2024-06-07,0.6442284350084349,0.00039871185401012114,BASELINE,1.0,0.0,,7.240074950644641,7.705190126350932,0.65,0.55,0,0,0,0,4
2024-06-14,0.6482593646850511,0.0004970232379489147,BASELINE,1.0,0.0,,7.240074950644641,7.705190126350932,0.65,0.55,0,0,0,0,4
2024-06-21,0.6422363519418948,0.0004970232379489147,BASELINE,1.0,0.0,,7.240074950644641,7.705190126350932,0.65,0.55,0,0,0,0,4
2024-06-28,0.6011060760506001,0.0004970232379489147,BASELINE,1.0,0.0,,7.240074950644641,7.705190126350932,0.65,0.55,0,0,0,0,4
2024-07-05,0.669250883905496,0.002920738523924636,DEFENSIVE_LIGHT,0.85,0.0,,4.285327415802528,7.111902932066181,0.55,0.55,0,0,1,0,5
2024-07-12,0.6806845585323101,0.00023436438997544463,DEFENSIVE_LIGHT,0.85,0.0,,4.285327415802528,7.111902932066181,0.55,0.55,0,0,1,0,5
2024-07-19,0.6332642779742561,0.01333487503405664,DEFENSIVE_LIGHT,0.85,0.0,,4.285327415802528,7.111902932066181,0.55,0.55,0,0,1,0,5
2024-07-26,0.5596873348321896,0.008726471532886334,DEFENSIVE_LIGHT,0.85,0.0,,4.285327415802528,7.111902932066181,0.55,0.55,0,0,1,0,5
2024-08-02,0.46910066821934954,0.04461559602649066,BASELINE,1.0,0.0,,4.285327415802528,7.111902932066181,0.55,0.55,0,0,0,0,5
2024-08-09,0.10332196984086027,0.16415344992352698,BASELINE,1.0,0.0,,4.285327415802528,7.111902932066181,0.55,0.55,0,0,0,0,5
2024-08-16,0.13349701352933846,0.3167015566003937,BASELINE,1.0,0.0,,4.285327415802528,7.111902932066181,0.55,0.55,0,0,0,1,5
2024-08-23,0.11347281497193601,0.25152349983711636,BASELINE,1.0,0.0,,4.285327415802528,7.111902932066181,0.55,0.55,0,0,0,0,5
2024-08-30,0.10161058277643836,0.163676426113726,BASELINE,1.0,0.0,,4.285327415802528,7.111902932066181,0.55,0.55,0,0,0,0,5
2024-09-06,0.10786027614218822,0.20743220708341342,BASELINE,1.0,0.0,,4.285327415802528,7.111902932066181,0.55,0.55,0,0,0,0,5
2024-09-13,0.09558601311393652,0.3146330752620638,BASELINE,1.0,0.0,,4.285327415802528,7.111902932066181,0.55,0.55,0,0,0,1,5
2024-09-20,0.1509908573566543,0.1117880287940588,BASELINE,1.0,0.0,,4.285327415802528,7.111902932066181,0.55,0.55,0,0,0,0,5
2024-09-27,0.2276239832887927,0.09949890453188902,BASELINE,1.0,0.0,,4.285327415802528,7.111902932066181,0.55,0.55,0,0,0,0,5
2024-10-04,0.237668225813507,0.09894411335693623,BASELINE,1.0,0.0,,4.285327415802528,7.111902932066181,0.55,0.55,0,0,0,0,5
2024-10-11,0.23925935499807474,0.08628432736746401,BASELINE,1.0,0.0,,4.285327415802528,7.111902932066181,0.55,0.55,0,0,0,0,5
2024-10-18,0.34943402870606555,0.04370816641436564,BASELINE,1.0,0.0,,4.285327415802528,7.111902932066181,0.55,0.55,0,0,0,0,5
2024-10-25,0.3925109367627837,0.03609318101221332,BASELINE,1.0,0.0,,4.285327415802528,7.111902932066181,0.55,0.55,0,0,0,0,5
2024-11-01,0.584184183207543,0.028184611301386147,DEFENSIVE_LIGHT,0.85,0.0,,4.285327415802528,7.111902932066181,0.55,0.55,0,0,1,0,5
2024-11-08,0.5365592623920528,0.022379082933278345,BASELINE,1.0,0.0,,4.285327415802528,7.111902932066181,0.55,0.55,0,0,0,0,5
2024-11-15,0.5979174713434697,0.01979172875219418,DEFENSIVE_LIGHT,0.85,0.0,,4.285327415802528,7.111902932066181,0.55,0.55,0,0,1,0,5
2024-11-22,0.5046939537662043,0.01709588378869211,BASELINE,1.0,0.0,,4.285327415802528,7.111902932066181,0.55,0.55,0,0,0,0,5
2024-11-29,0.5293813964322979,0.007006492321745168,BASELINE,1.0,0.0,,4.285327415802528,7.111902932066181,0.55,0.55,0,0,0,0,5
2024-12-06,0.6082432189247987,0.00023436438997544463,DEFENSIVE_LIGHT,0.85,0.0,,4.285327415802528,7.111902932066181,0.55,0.55,0,0,1,0,5
2024-12-13,0.5996275355952526,0.005724210069713965,DEFENSIVE_LIGHT,0.85,0.0,,4.285327415802528,7.111902932066181,0.55,0.55,0,0,1,0,5
2024-12-20,0.6456175982924384,0.004994461190406628,DEFENSIVE_LIGHT,0.85,0.0,,4.285327415802528,7.111902932066181,0.55,0.55,0,0,1,0,5
2024-12-27,0.5867766264031635,0.018117775478790406,DEFENSIVE_LIGHT,0.85,0.0,,4.285327415802528,7.111902932066181,0.55,0.55,0,0,1,0,5
2025-01-03,0.5396899234054866,0.007794461190406629,BASELINE,1.0,0.0,,4.285327415802528,7.111902932066181,0.55,0.55,0,0,0,0,5
2025-01-10,0.3677277521114477,0.09765515537314105,BASELINE,1.0,0.0,,4.285327415802528,7.111902932066181,0.55,0.55,0,0,0,0,5
2025-01-17,0.31208605426438263,0.11634488188850085,BASELINE,1.0,0.0,,4.285327415802528,7.111902932066181,0.55,0.55,0,0,0,0,5
2025-01-24,0.4564073237461375,0.01428203814066255,BASELINE,1.0,0.0,,4.285327415802528,7.111902932066181,0.55,0.55,0,0,0,1,5
2025-01-31,0.6365188180638837,0.006278095037039251,DEFENSIVE_LIGHT,0.85,0.0,,4.285327415802528,7.111902932066181,0.55,0.55,0,0,1,0,5
2025-02-07,0.6334794490568937,0.0034025372779911602,DEFENSIVE_LIGHT,0.85,0.0,,4.285327415802528,7.111902932066181,0.55,0.55,0,0,1,0,5
2025-02-14,0.5942790064708561,0.00023436438997544463,DEFENSIVE_LIGHT,0.85,0.0,,4.285327415802528,7.111902932066181,0.55,0.55,0,0,1,0,5
2025-02-21,0.6165238502725942,0.0013438127095696099,DEFENSIVE_LIGHT,0.85,0.0,,4.285327415802528,7.111902932066181,0.55,0.55,0,0,1,0,5
2025-02-28,0.4502554637321403,0.059657611469689543,BASELINE,1.0,0.0,,4.285327415802528,7.111902932066181,0.55,0.55,0,0,0,0,5
2025-03-07,0.2849110853239339,0.10615605491037171,BASELINE,1.0,0.0,,4.285327415802528,7.111902932066181,0.55,0.55,0,0,0,0,5
2025-03-14,0.1961105425270563,0.4477936848926566,BASELINE,1.0,0.0,,4.285327415802528,7.111902932066181,0.55,0.55,0,0,0,0,5
2025-03-21,0.04708957150377589,0.7282113124927917,BASELINE,1.0,0.0,,4.285327415802528,7.111902932066181,0.55,0.55,0,0,0,0,5
2025-03-28,0.03236080101667925,0.8304841894300695,BASELINE,1.0,0.0,,4.285327415802528,7.111902932066181,0.55,0.55,0,0,0,0,5
2025-04-04,0.02759099031350488,0.8375690862048543,BASELINE,1.0,0.0,,4.285327415802528,7.111902932066181,0.55,0.55,0,0,0,0,5
2025-04-11,0.08699438982223934,0.8275112603635677,BASELINE,1.0,0.0,,4.285327415802528,7.111902932066181,0.55,0.55,0,0,0,0,5
2025-04-25,0.06921281764692591,0.8396146861024674,BASELINE,1.0,0.0,,4.285327415802528,7.111902932066181,0.55,0.55,0,0,0,0,5
2025-05-02,0.029445530461708457,0.835343424246804,BASELINE,1.0,0.0,,4.285327415802528,7.111902932066181,0.55,0.55,0,0,0,0,5
2025-05-09,0.021393033957802662,0.8391972168017511,BASELINE,1.0,0.0,,4.285327415802528,7.111902932066181,0.55,0.55,0,0,0,0,5
2025-05-16,0.09167130775083358,0.6422385748311051,BASELINE,1.0,0.0,,4.285327415802528,7.111902932066181,0.55,0.55,0,0,0,0,5
2025-05-23,0.04638080883846726,0.7810311693969313,BASELINE,1.0,0.0,,4.285327415802528,7.111902932066181,0.55,0.55,0,0,0,0,5
2025-05-30,0.042566171258805505,0.5888964031345516,BASELINE,1.0,0.0,,4.285327415802528,7.111902932066181,0.55,0.55,0,0,0,0,5
2025-06-06,0.05377794026666525,0.4394517473596996,BASELINE,1.0,0.0,,4.285327415802528,7.111902932066181,0.55,0.55,0,0,0,0,5
2025-06-13,0.08992877138290148,0.32626429827509756,BASELINE,1.0,0.0,,4.285327415802528,7.111902932066181,0.55,0.55,0,0,0,0,5
2025-06-20,0.09137360985572118,0.21523566560194093,BASELINE,1.0,0.0,,4.285327415802528,7.111902932066181,0.55,0.55,0,0,0,0,5
2025-06-27,0.13543929349268136,0.13169840073373631,BASELINE,1.0,0.0,,4.285327415802528,7.111902932066181,0.55,0.55,0,0,0,0,5
2025-07-11,0.21827427060725293,0.044282808512766184,BASELINE,1.0,0.0,,4.285327415802528,7.111902932066181,0.55,0.55,0,0,0,0,5
2025-07-18,0.402857024631262,0.007369542838674569,BASELINE,1.0,0.0,,4.285327415802528,7.111902932066181,0.55,0.55,0,0,0,0,5
2025-07-25,0.4838706350273394,0.008341533847629227,BASELINE,1.0,0.0,,4.285327415802528,7.111902932066181,0.55,0.55,0,0,0,0,5
2025-08-01,0.6090687758081113,0.0019429136494960504,DEFENSIVE_LIGHT,0.85,0.0,,4.285327415802528,7.111902932066181,0.55,0.55,0,0,1,0,5
2025-08-08,0.5708911157692176,0.0028550540451478578,DEFENSIVE_LIGHT,0.85,0.0,,4.285327415802528,7.111902932066181,0.55,0.55,0,0,1,0,5
2025-08-15,0.5828172104234793,0.00023436438997544463,DEFENSIVE_LIGHT,0.85,0.0,,4.285327415802528,7.111902932066181,0.55,0.55,0,0,1,0,5
2025-08-22,0.5989853788985355,0.003637349464602311,DEFENSIVE_LIGHT,0.85,0.0,,4.285327415802528,7.111902932066181,0.55,0.55,0,0,1,0,5
2025-08-29,0.6310958874054347,0.00023436438997544463,DEFENSIVE_LIGHT,0.85,0.0,,4.285327415802528,7.111902932066181,0.55,0.55,0,0,1,0,5
2025-09-05,0.6118291447745324,0.00023436438997544463,DEFENSIVE_LIGHT,0.85,0.0,,4.285327415802528,7.111902932066181,0.55,0.55,0,0,1,0,5
2025-09-12,0.6108696878718485,0.00023436438997544463,DEFENSIVE_LIGHT,0.85,0.0,,4.285327415802528,7.111902932066181,0.55,0.55,0,0,1,0,5
2025-09-19,0.5484518282126304,0.00023436438997544463,BASELINE,1.0,0.0,,4.285327415802528,7.111902932066181,0.55,0.55,0,0,0,0,5
2025-09-26,0.5175798684720679,0.00023436438997544463,BASELINE,1.0,0.0,,4.285327415802528,7.111902932066181,0.55,0.55,0,0,0,0,5
2025-10-03,0.5583799151478087,0.00023436438997544463,DEFENSIVE_LIGHT,0.85,0.0,,4.285327415802528,7.111902932066181,0.55,0.55,0,0,1,0,5
2025-10-10,0.6360884537916276,0.007937217127907084,DEFENSIVE_LIGHT,0.85,0.0,,4.285327415802528,7.111902932066181,0.55,0.55,0,0,1,0,5
2025-10-17,0.6324076816689216,0.009406477594478595,DEFENSIVE_LIGHT,0.85,0.0,,4.285327415802528,7.111902932066181,0.55,0.55,0,0,1,0,5
2025-10-24,0.6545706481999451,0.001441038072297683,DEFENSIVE_LIGHT,0.85,0.0,,4.285327415802528,7.111902932066181,0.55,0.55,0,0,1,0,5
2025-10-31,0.6598031634643398,0.01160810667628108,DEFENSIVE_LIGHT,0.85,0.0,,4.285327415802528,7.111902932066181,0.55,0.55,0,0,1,0,5
2025-11-07,0.6241163879136955,0.015830859760584973,DEFENSIVE_LIGHT,0.85,0.0,,4.285327415802528,7.111902932066181,0.55,0.55,0,0,1,0,5
2025-11-14,0.5823311548711195,0.003584419395475994,DEFENSIVE_LIGHT,0.85,0.0,,4.285327415802528,7.111902932066181,0.55,0.55,0,0,1,0,5
2025-11-21,0.471001241792278,0.032155562354390946,BASELINE,1.0,0.0,,4.285327415802528,7.111902932066181,0.55,0.55,0,0,0,0,5
2025-11-28,0.5613088743554957,0.021765901361314902,DEFENSIVE_LIGHT,0.85,0.0,,4.285327415802528,7.111902932066181,0.55,0.55,0,0,1,0,5
2025-12-05,0.576634128844466,0.0034025372779911602,DEFENSIVE_LIGHT,0.85,0.0,,4.285327415802528,7.111902932066181,0.55,0.55,0,0,1,0,5
2025-12-12,0.5772390511912762,0.008043934340297827,DEFENSIVE_LIGHT,0.85,0.0,,4.285327415802528,7.111902932066181,0.55,0.55,0,0,1,0,5
2025-12-19,0.5645154845120168,0.02669651594377408,DEFENSIVE_LIGHT,0.85,0.0,,4.285327415802528,7.111902932066181,0.55,0.55,0,0,1,0,5
2025-12-26,0.5731695881001565,0.00023436438997544463,DEFENSIVE_LIGHT,0.85,0.0,,4.285327415802528,7.111902932066181,0.55,0.55,0,0,1,0,5
2026-01-02,0.5589969704173081,0.00397845087596313,DEFENSIVE_LIGHT,0.85,0.0,,4.285327415802528,7.111902932066181,0.55,0.55,0,0,1,0,5
2026-01-09,0.5755308166668963,0.010844677922826056,DEFENSIVE_LIGHT,0.85,0.0,,4.285327415802528,7.111902932066181,0.55,0.55,0,0,1,0,5
2026-01-16,0.572491440193746,0.012529836693095075,DEFENSIVE_LIGHT,0.85,0.0,,4.285327415802528,7.111902932066181,0.55,0.55,0,0,1,0,5
2026-01-23,0.5745982070469539,0.013335060997467592,DEFENSIVE_LIGHT,0.85,0.0,,4.285327415802528,7.111902932066181,0.55,0.55,0,0,1,0,5
2026-01-30,0.562482496754341,0.013335060997467592,DEFENSIVE_LIGHT,0.85,0.0,,4.285327415802528,7.111902932066181,0.55,0.55,0,0,1,0,5
2026-02-06,0.4924595028210068,0.0364798297694474,BASELINE,1.0,0.0,,4.285327415802528,7.111902932066181,0.55,0.55,0,0,0,0,5
2026-02-13,0.369329278975823,0.08909108511230654,BASELINE,1.0,0.0,,4.285327415802528,7.111902932066181,0.55,0.55,0,0,0,0,5
