date,fragility_prob,action,ext_scale,recovery_override_scale,rel_tilt,stress_thr,recovery_thr,prob_trigger,fold
2017-01-06,0.6058915523790748,DEFENSIVE_LIGHT,0.85,0.0,,8.215510510438504,14.78077933150568,0.55,1
2017-01-13,0.6070117208340166,DEFENSIVE_LIGHT,0.85,0.0,,8.215510510438504,14.78077933150568,0.55,1
2017-01-20,0.6206697248841644,DEFENSIVE_LIGHT,0.85,0.0,,8.215510510438504,14.78077933150568,0.55,1
2017-01-27,0.5806248799836314,DEFENSIVE_LIGHT,0.85,0.0,,8.215510510438504,14.78077933150568,0.55,1
2017-02-03,0.5955351870491851,DEFENSIVE_LIGHT,0.85,0.0,,8.215510510438504,14.78077933150568,0.55,1
2017-02-10,0.5924350041933162,DEFENSIVE_LIGHT,0.85,0.0,,8.215510510438504,14.78077933150568,0.55,1
2017-02-17,0.6374556266680571,DEFENSIVE_LIGHT,0.85,0.0,,8.215510510438504,14.78077933150568,0.55,1
2017-02-24,0.6577210341764458,DEFENSIVE_LIGHT,0.85,0.0,,8.215510510438504,14.78077933150568,0.55,1
2017-03-03,0.6507705648102569,DEFENSIVE_LIGHT,0.85,0.0,,8.215510510438504,14.78077933150568,0.55,1
2017-03-10,0.6587160115491764,DEFENSIVE_LIGHT,0.85,0.0,,8.215510510438504,14.78077933150568,0.55,1
2017-03-17,0.6267265883767613,DEFENSIVE_LIGHT,0.85,0.0,,8.215510510438504,14.78077933150568,0.55,1
2017-03-24,0.5007344649115999,BASELINE,1.0,0.0,,8.215510510438504,14.78077933150568,0.55,1
2017-03-31,0.594394613416524,DEFENSIVE_LIGHT,0.85,0.0,,8.215510510438504,14.78077933150568,0.55,1
2017-04-07,0.5720337834123326,DEFENSIVE_LIGHT,0.85,0.0,,8.215510510438504,14.78077933150568,0.55,1
2017-04-21,0.5563854188354688,DEFENSIVE_LIGHT,0.85,0.0,,8.215510510438504,14.78077933150568,0.55,1
2017-04-28,0.5618936419866432,DEFENSIVE_LIGHT,0.85,0.0,,8.215510510438504,14.78077933150568,0.55,1
2017-05-05,0.5080109432919238,BASELINE,1.0,0.0,,8.215510510438504,14.78077933150568,0.55,1
2017-05-12,0.567606987306264,DEFENSIVE_LIGHT,0.85,0.0,,8.215510510438504,14.78077933150568,0.55,1
2017-05-19,0.5957300389792286,DEFENSIVE_LIGHT,0.85,0.0,,8.215510510438504,14.78077933150568,0.55,1
2017-05-26,0.4876110786206554,BASELINE,1.0,0.0,,8.215510510438504,14.78077933150568,0.55,1
2017-06-02,0.46049462442157324,BASELINE,1.0,0.0,,8.215510510438504,14.78077933150568,0.55,1
2017-06-09,0.48965571458226315,BASELINE,1.0,0.0,,8.215510510438504,14.78077933150568,0.55,1
2017-06-16,0.42897593152346913,BASELINE,1.0,0.0,,8.215510510438504,14.78077933150568,0.55,1
2017-06-23,0.36543428701945324,BASELINE,1.0,0.0,,8.215510510438504,14.78077933150568,0.55,1
2017-06-30,0.3368167599191448,BASELINE,1.0,0.0,,8.215510510438504,14.78077933150568,0.55,1
2017-07-07,0.31714146102362223,BASELINE,1.0,0.0,,8.215510510438504,14.78077933150568,0.55,1
2017-07-14,0.32494926935910623,BASELINE,1.0,0.0,,8.215510510438504,14.78077933150568,0.55,1
2017-07-21,0.36675001380316957,BASELINE,1.0,0.0,,8.215510510438504,14.78077933150568,0.55,1
2017-07-28,0.42400198343881706,BASELINE,1.0,0.0,,8.215510510438504,14.78077933150568,0.55,1
2017-08-04,0.4300993165047342,BASELINE,1.0,0.0,,8.215510510438504,14.78077933150568,0.55,1
2017-08-11,0.3818477313405822,BASELINE,1.0,0.0,,8.215510510438504,14.78077933150568,0.55,1
2017-08-18,0.2628418804130049,BASELINE,1.0,0.0,,8.215510510438504,14.78077933150568,0.55,1
2017-08-25,0.23588776703825884,BASELINE,1.0,0.0,,8.215510510438504,14.78077933150568,0.55,1
2017-09-01,0.2775186599677969,BASELINE,1.0,0.0,,8.215510510438504,14.78077933150568,0.55,1
2017-09-08,0.24019965979406616,BASELINE,1.0,0.0,,8.215510510438504,14.78077933150568,0.55,1
2017-09-15,0.2834066077395413,BASELINE,1.0,0.0,,8.215510510438504,14.78077933150568,0.55,1
2017-09-22,0.3445609908441546,BASELINE,1.0,0.0,,8.215510510438504,14.78077933150568,0.55,1
2017-09-29,0.34885083242926895,BASELINE,1.0,0.0,,8.215510510438504,14.78077933150568,0.55,1
2017-10-06,0.5066192631752106,BASELINE,1.0,0.0,,8.215510510438504,14.78077933150568,0.55,1
2017-10-13,0.5151126344955346,BASELINE,1.0,0.0,,8.215510510438504,14.78077933150568,0.55,1
2017-10-20,0.5288503451704273,BASELINE,1.0,0.0,,8.215510510438504,14.78077933150568,0.55,1
2017-10-27,0.538946647308721,BASELINE,1.0,0.0,,8.215510510438504,14.78077933150568,0.55,1
2017-11-03,0.5567357088646779,DEFENSIVE_LIGHT,0.85,0.0,,8.215510510438504,14.78077933150568,0.55,1
2017-11-10,0.553949231425452,DEFENSIVE_LIGHT,0.85,0.0,,8.215510510438504,14.78077933150568,0.55,1
2017-11-17,0.5655510214327014,DEFENSIVE_LIGHT,0.85,0.0,,8.215510510438504,14.78077933150568,0.55,1
2017-11-24,0.5604435158679874,DEFENSIVE_LIGHT,0.85,0.0,,8.215510510438504,14.78077933150568,0.55,1
2017-12-01,0.45291259876491435,BASELINE,1.0,0.0,,8.215510510438504,14.78077933150568,0.55,1
2017-12-08,0.42031870393382825,BASELINE,1.0,0.0,,8.215510510438504,14.78077933150568,0.55,1
2017-12-15,0.3759848659737025,BASELINE,1.0,0.0,,8.215510510438504,14.78077933150568,0.55,1
2017-12-22,0.4003186469354165,BASELINE,1.0,0.0,,8.215510510438504,14.78077933150568,0.55,1
2017-12-29,0.3918162143924188,BASELINE,1.0,0.0,,8.215510510438504,14.78077933150568,0.55,1
2018-01-05,0.5221262708586073,BASELINE,1.0,0.0,,8.215510510438504,14.78077933150568,0.55,1
2018-01-12,0.5353403103083731,BASELINE,1.0,0.0,,8.215510510438504,14.78077933150568,0.55,1
2018-01-19,0.5166532985881771,BASELINE,1.0,0.0,,8.215510510438504,14.78077933150568,0.55,1
2018-01-26,0.445517947839515,BASELINE,1.0,0.0,,8.215510510438504,14.78077933150568,0.55,1
2018-02-02,0.5179221252667877,BASELINE,1.0,0.0,,8.215510510438504,14.78077933150568,0.55,1
2018-02-09,0.13155730750804928,BASELINE,1.0,0.0,,8.215510510438504,14.78077933150568,0.55,1
2018-02-16,0.26974047047656624,BASELINE,1.0,0.0,,8.215510510438504,14.78077933150568,0.55,1
2018-02-23,0.27292604159773237,BASELINE,1.0,0.0,,8.215510510438504,14.78077933150568,0.55,1
2018-03-02,0.2212747517043362,BASELINE,1.0,0.0,,8.215510510438504,14.78077933150568,0.55,1
2018-03-09,0.3634170212074411,BASELINE,1.0,0.0,,8.215510510438504,14.78077933150568,0.55,1
2018-03-16,0.5060014601448604,BASELINE,1.0,0.0,,8.215510510438504,14.78077933150568,0.55,1
2018-03-23,0.2347538439018933,BASELINE,1.0,0.0,,8.215510510438504,14.78077933150568,0.55,1
2018-04-06,0.12269830211607409,BASELINE,1.0,0.0,,8.215510510438504,14.78077933150568,0.55,1
2018-04-13,0.1055880364488263,BASELINE,1.0,0.0,,8.215510510438504,14.78077933150568,0.55,1
2018-04-20,0.14171165288389231,BASELINE,1.0,0.0,,8.215510510438504,14.78077933150568,0.55,1
2018-04-27,0.07913891853619709,BASELINE,1.0,0.0,,8.215510510438504,14.78077933150568,0.55,1
2018-05-04,0.07011146407586222,BASELINE,1.0,0.0,,8.215510510438504,14.78077933150568,0.55,1
2018-05-11,0.2673676810288077,BASELINE,1.0,0.0,,8.215510510438504,14.78077933150568,0.55,1
2018-05-18,0.19224067843396364,BASELINE,1.0,0.0,,8.215510510438504,14.78077933150568,0.55,1
2018-05-25,0.30380058127614573,BASELINE,1.0,0.0,,8.215510510438504,14.78077933150568,0.55,1
2018-06-01,0.21729310596090798,BASELINE,1.0,0.0,,8.215510510438504,14.78077933150568,0.55,1
2018-06-08,0.4131073161367878,BASELINE,1.0,0.0,,8.215510510438504,14.78077933150568,0.55,1
2018-06-15,0.4909302305156125,BASELINE,1.0,0.0,,8.215510510438504,14.78077933150568,0.55,1
2018-06-22,0.46332965605884047,BASELINE,1.0,0.0,,8.215510510438504,14.78077933150568,0.55,1
2018-06-29,0.45871650786500806,BASELINE,1.0,0.0,,8.215510510438504,14.78077933150568,0.55,1
2018-07-06,0.45659514983962757,BASELINE,1.0,0.0,,8.215510510438504,14.78077933150568,0.55,1
2018-07-13,0.4729872895238889,BASELINE,1.0,0.0,,8.215510510438504,14.78077933150568,0.55,1
2018-07-20,0.43733601339077516,BASELINE,1.0,0.0,,8.215510510438504,14.78077933150568,0.55,1
2018-07-27,0.5202300840298273,BASELINE,1.0,0.0,,8.215510510438504,14.78077933150568,0.55,1
2018-08-03,0.5475018878992135,BASELINE,1.0,0.0,,8.215510510438504,14.78077933150568,0.55,1
2018-08-10,0.5030727354590318,BASELINE,1.0,0.0,,8.215510510438504,14.78077933150568,0.55,1
2018-08-17,0.5262515166760926,BASELINE,1.0,0.0,,8.215510510438504,14.78077933150568,0.55,1
2018-08-24,0.5326556165662724,BASELINE,1.0,0.0,,8.215510510438504,14.78077933150568,0.55,1
2018-08-31,0.615676967291746,DEFENSIVE_LIGHT,0.85,0.0,,8.215510510438504,14.78077933150568,0.55,1
2018-09-07,0.5997930062914639,DEFENSIVE_LIGHT,0.85,0.0,,8.215510510438504,14.78077933150568,0.55,1
2018-09-14,0.5811993241901398,DEFENSIVE_LIGHT,0.85,0.0,,8.215510510438504,14.78077933150568,0.55,1
2018-09-21,0.6104913385229733,DEFENSIVE_LIGHT,0.85,0.0,,8.215510510438504,14.78077933150568,0.55,1
2018-09-28,0.6767709313517222,DEFENSIVE_LIGHT,0.85,0.0,,8.215510510438504,14.78077933150568,0.55,1
2018-10-05,0.6258104682254556,DEFENSIVE_LIGHT,0.85,0.0,,8.215510510438504,14.78077933150568,0.55,1
2018-10-12,0.31820641769624025,BASELINE,1.0,0.0,,8.215510510438504,14.78077933150568,0.55,1
2018-10-19,0.3392626587117672,BASELINE,1.0,0.0,,8.215510510438504,14.78077933150568,0.55,1
2018-10-26,0.10281886140525609,BASELINE,1.0,0.0,,8.215510510438504,14.78077933150568,0.55,1
2018-11-02,0.05855388692533876,BASELINE,1.0,0.0,,8.215510510438504,14.78077933150568,0.55,1
2018-11-09,0.05560804945775567,BASELINE,1.0,0.0,,8.215510510438504,14.78077933150568,0.55,1
2018-11-16,0.03212548290966766,BASELINE,1.0,0.0,,8.215510510438504,14.78077933150568,0.55,1
2018-11-23,0.008014472810236435,BASELINE,1.0,0.0,,8.215510510438504,14.78077933150568,0.55,1
2018-11-30,0.006481588223236167,BASELINE,1.0,0.0,,8.215510510438504,14.78077933150568,0.55,1
2018-12-07,0.0014315304948216338,BASELINE,1.0,0.0,,8.215510510438504,14.78077933150568,0.55,1
2018-12-14,0.0029762510602205257,BASELINE,1.0,0.0,,8.215510510438504,14.78077933150568,0.55,1
2018-12-21,0.0030863044012785835,BASELINE,1.0,0.0,,8.215510510438504,14.78077933150568,0.55,1
2018-12-28,0.010273118807207859,BASELINE,1.0,0.0,,8.215510510438504,14.78077933150568,0.55,1
2019-01-04,0.07151952032996606,BASELINE,1.0,0.0,,7.7272005176417435,13.071365022894671,0.55,2
2019-01-11,0.019674795882127217,BASELINE,1.0,0.0,,7.7272005176417435,13.071365022894671,0.55,2
2019-01-18,0.025982830461006662,BASELINE,1.0,0.0,,7.7272005176417435,13.071365022894671,0.55,2
2019-01-25,0.07747402660130642,BASELINE,1.0,0.0,,7.7272005176417435,13.071365022894671,0.55,2
2019-02-01,0.06786540943970112,BASELINE,1.0,0.0,,7.7272005176417435,13.071365022894671,0.55,2
2019-02-08,0.03792187932880894,BASELINE,1.0,0.0,,7.7272005176417435,13.071365022894671,0.55,2
2019-02-15,0.04518934992490066,BASELINE,1.0,0.0,,7.7272005176417435,13.071365022894671,0.55,2
2019-02-22,0.07940600210055909,BASELINE,1.0,0.0,,7.7272005176417435,13.071365022894671,0.55,2
2019-03-01,0.20907701933308379,BASELINE,1.0,0.0,,7.7272005176417435,13.071365022894671,0.55,2
2019-03-08,0.2283799435406686,BASELINE,1.0,0.0,,7.7272005176417435,13.071365022894671,0.55,2
2019-03-15,0.3030640551041427,BASELINE,1.0,0.0,,7.7272005176417435,13.071365022894671,0.55,2
2019-03-22,0.4201392911807928,BASELINE,1.0,0.0,,7.7272005176417435,13.071365022894671,0.55,2
2019-03-29,0.49159292758220136,BASELINE,1.0,0.0,,7.7272005176417435,13.071365022894671,0.55,2
2019-04-05,0.5266066907188525,BASELINE,1.0,0.0,,7.7272005176417435,13.071365022894671,0.55,2
2019-04-12,0.5268388585246472,BASELINE,1.0,0.0,,7.7272005176417435,13.071365022894671,0.55,2
2019-04-26,0.5255484974013825,BASELINE,1.0,0.0,,7.7272005176417435,13.071365022894671,0.55,2
2019-05-03,0.5708937462476453,DEFENSIVE_LIGHT,0.9,0.0,,7.7272005176417435,13.071365022894671,0.55,2
2019-05-10,0.6244127903321641,DEFENSIVE_LIGHT,0.9,0.0,,7.7272005176417435,13.071365022894671,0.55,2
2019-05-17,0.6074619025969026,DEFENSIVE_LIGHT,0.9,0.0,,7.7272005176417435,13.071365022894671,0.55,2
2019-05-24,0.48119627356631306,BASELINE,1.0,0.0,,7.7272005176417435,13.071365022894671,0.55,2
2019-05-31,0.47897572332007665,BASELINE,1.0,0.0,,7.7272005176417435,13.071365022894671,0.55,2
2019-06-07,0.3818780774015321,BASELINE,1.0,0.0,,7.7272005176417435,13.071365022894671,0.55,2
2019-06-14,0.41242432649847177,BASELINE,1.0,0.0,,7.7272005176417435,13.071365022894671,0.55,2
2019-06-21,0.36594238675405744,BASELINE,1.0,0.0,,7.7272005176417435,13.071365022894671,0.55,2
2019-06-28,0.3580168834186553,BASELINE,1.0,0.0,,7.7272005176417435,13.071365022894671,0.55,2
2019-07-05,0.3421615679830668,BASELINE,1.0,0.0,,7.7272005176417435,13.071365022894671,0.55,2
2019-07-12,0.3450738422688787,BASELINE,1.0,0.0,,7.7272005176417435,13.071365022894671,0.55,2
2019-07-19,0.5137928838209138,BASELINE,1.0,0.0,,7.7272005176417435,13.071365022894671,0.55,2
2019-07-26,0.44898525732378064,BASELINE,1.0,0.0,,7.7272005176417435,13.071365022894671,0.55,2
2019-08-02,0.5517003627902669,DEFENSIVE_LIGHT,0.9,0.0,,7.7272005176417435,13.071365022894671,0.55,2
2019-08-09,0.25997414515857037,BASELINE,1.0,0.0,,7.7272005176417435,13.071365022894671,0.55,2
2019-08-16,0.25297781168528916,BASELINE,1.0,0.0,,7.7272005176417435,13.071365022894671,0.55,2
2019-08-23,0.14364757490686914,BASELINE,1.0,0.0,,7.7272005176417435,13.071365022894671,0.55,2
2019-08-30,0.12035376352456192,BASELINE,1.0,0.0,,7.7272005176417435,13.071365022894671,0.55,2
2019-09-06,0.09912925180221561,BASELINE,1.0,0.0,,7.7272005176417435,13.071365022894671,0.55,2
2019-09-13,0.08964276226941584,BASELINE,1.0,0.0,,7.7272005176417435,13.071365022894671,0.55,2
2019-09-20,0.11926937879702915,BASELINE,1.0,0.0,,7.7272005176417435,13.071365022894671,0.55,2
2019-09-27,0.2636488101603064,BASELINE,1.0,0.0,,7.7272005176417435,13.071365022894671,0.55,2
2019-10-04,0.3527977109199528,BASELINE,1.0,0.0,,7.7272005176417435,13.071365022894671,0.55,2
2019-10-11,0.345158975974488,BASELINE,1.0,0.0,,7.7272005176417435,13.071365022894671,0.55,2
2019-10-18,0.3670356063315525,BASELINE,1.0,0.0,,7.7272005176417435,13.071365022894671,0.55,2
2019-10-25,0.32278713562324785,BASELINE,1.0,0.0,,7.7272005176417435,13.071365022894671,0.55,2
2019-11-01,0.3684482365925605,BASELINE,1.0,0.0,,7.7272005176417435,13.071365022894671,0.55,2
2019-11-08,0.4176562931412704,BASELINE,1.0,0.0,,7.7272005176417435,13.071365022894671,0.55,2
2019-11-15,0.4899519127947491,BASELINE,1.0,0.0,,7.7272005176417435,13.071365022894671,0.55,2
2019-11-22,0.5066117976565719,BASELINE,1.0,0.0,,7.7272005176417435,13.071365022894671,0.55,2
2019-11-29,0.5845516595639242,DEFENSIVE_LIGHT,0.9,0.0,,7.7272005176417435,13.071365022894671,0.55,2
2019-12-06,0.6591382148597299,DEFENSIVE_LIGHT,0.9,0.0,,7.7272005176417435,13.071365022894671,0.55,2
2019-12-13,0.6464387719633662,DEFENSIVE_LIGHT,0.9,0.0,,7.7272005176417435,13.071365022894671,0.55,2
2019-12-20,0.6000704696234712,DEFENSIVE_LIGHT,0.9,0.0,,7.7272005176417435,13.071365022894671,0.55,2
2019-12-27,0.6334609529848282,DEFENSIVE_LIGHT,0.9,0.0,,7.7272005176417435,13.071365022894671,0.55,2
2020-01-03,0.6660905269748464,DEFENSIVE_LIGHT,0.9,0.0,,7.7272005176417435,13.071365022894671,0.55,2
2020-01-10,0.6439647856859052,DEFENSIVE_LIGHT,0.9,0.0,,7.7272005176417435,13.071365022894671,0.55,2
2020-01-17,0.6035745216108495,DEFENSIVE_LIGHT,0.9,0.0,,7.7272005176417435,13.071365022894671,0.55,2
2020-01-24,0.591114741116432,DEFENSIVE_LIGHT,0.9,0.0,,7.7272005176417435,13.071365022894671,0.55,2
2020-01-31,0.6289666686482099,DEFENSIVE_LIGHT,0.9,0.0,,7.7272005176417435,13.071365022894671,0.55,2
2020-02-07,0.6479430690776449,DEFENSIVE_LIGHT,0.9,0.0,,7.7272005176417435,13.071365022894671,0.55,2
2020-02-14,0.6619244653890661,DEFENSIVE_LIGHT,0.9,0.0,,7.7272005176417435,13.071365022894671,0.55,2
2020-02-21,0.6433927145190629,DEFENSIVE_LIGHT,0.9,0.0,,7.7272005176417435,13.071365022894671,0.55,2
2020-02-28,0.3533007984904193,BASELINE,1.0,0.0,,7.7272005176417435,13.071365022894671,0.55,2
2020-03-06,0.18770026383775898,BASELINE,1.0,0.0,,7.7272005176417435,13.071365022894671,0.55,2
2020-03-13,0.17133897967253703,BASELINE,1.0,0.0,,7.7272005176417435,13.071365022894671,0.55,2
2020-03-20,0.13119925983750805,BASELINE,1.0,0.0,,7.7272005176417435,13.071365022894671,0.55,2
2020-03-27,0.1132368596453598,BASELINE,1.0,0.0,,7.7272005176417435,13.071365022894671,0.55,2
2020-04-03,0.06698971747928889,BASELINE,1.0,0.0,,7.7272005176417435,13.071365022894671,0.55,2
2020-04-17,0.11114466898037241,BASELINE,1.0,0.0,,7.7272005176417435,13.071365022894671,0.55,2
2020-04-24,0.08847769318912868,BASELINE,1.0,0.0,,7.7272005176417435,13.071365022894671,0.55,2
2020-05-01,0.08133729871174719,BASELINE,1.0,0.0,,7.7272005176417435,13.071365022894671,0.55,2
2020-05-08,0.0827786167051561,BASELINE,1.0,0.0,,7.7272005176417435,13.071365022894671,0.55,2
2020-05-15,0.11873267901223922,BASELINE,1.0,0.0,,7.7272005176417435,13.071365022894671,0.55,2
2020-05-22,0.18310562278317424,BASELINE,1.0,0.0,,7.7272005176417435,13.071365022894671,0.55,2
2020-05-29,0.19338479566881617,BASELINE,1.0,0.0,,7.7272005176417435,13.071365022894671,0.55,2
2020-06-05,0.19143764741120795,BASELINE,1.0,0.0,,7.7272005176417435,13.071365022894671,0.55,2
2020-06-12,0.22148921659003923,BASELINE,1.0,0.0,,7.7272005176417435,13.071365022894671,0.55,2
2020-06-19,0.22271573894772204,BASELINE,1.0,0.0,,7.7272005176417435,13.071365022894671,0.55,2
2020-06-26,0.2866434940397782,BASELINE,1.0,0.0,,7.7272005176417435,13.071365022894671,0.55,2
2020-07-10,0.445625836511885,BASELINE,1.0,0.0,,7.7272005176417435,13.071365022894671,0.55,2
2020-07-17,0.49140723146811827,BASELINE,1.0,0.0,,7.7272005176417435,13.071365022894671,0.55,2
2020-07-24,0.4916865012704311,BASELINE,1.0,0.0,,7.7272005176417435,13.071365022894671,0.55,2
2020-07-31,0.4733730206651606,BASELINE,1.0,0.0,,7.7272005176417435,13.071365022894671,0.55,2
2020-08-07,0.44364816028527215,BASELINE,1.0,0.0,,7.7272005176417435,13.071365022894671,0.55,2
2020-08-14,0.4233528704921474,BASELINE,1.0,0.0,,7.7272005176417435,13.071365022894671,0.55,2
2020-08-21,0.5315099740227545,BASELINE,1.0,0.0,,7.7272005176417435,13.071365022894671,0.55,2
2020-08-28,0.5692353147240529,DEFENSIVE_LIGHT,0.9,0.0,,7.7272005176417435,13.071365022894671,0.55,2
2020-09-04,0.4553488255007001,BASELINE,1.0,0.0,,7.7272005176417435,13.071365022894671,0.55,2
2020-09-11,0.3874381339559669,BASELINE,1.0,0.0,,7.7272005176417435,13.071365022894671,0.55,2
2020-09-18,0.3886477853462803,BASELINE,1.0,0.0,,7.7272005176417435,13.071365022894671,0.55,2
2020-09-25,0.319164799499729,BASELINE,1.0,0.0,,7.7272005176417435,13.071365022894671,0.55,2
2020-10-02,0.369769971293672,BASELINE,1.0,0.0,,7.7272005176417435,13.071365022894671,0.55,2
2020-10-09,0.3655040339691961,BASELINE,1.0,0.0,,7.7272005176417435,13.071365022894671,0.55,2
2020-10-16,0.4504855574297319,BASELINE,1.0,0.0,,7.7272005176417435,13.071365022894671,0.55,2
2020-10-23,0.47928746655413906,BASELINE,1.0,0.0,,7.7272005176417435,13.071365022894671,0.55,2
2020-10-30,0.32091391930415436,BASELINE,1.0,0.0,,7.7272005176417435,13.071365022894671,0.55,2
2020-11-06,0.3093673076509654,BASELINE,1.0,0.0,,7.7272005176417435,13.071365022894671,0.55,2
2020-11-13,0.4014638543949135,BASELINE,1.0,0.0,,7.7272005176417435,13.071365022894671,0.55,2
2020-11-20,0.3763874101186704,BASELINE,1.0,0.0,,7.7272005176417435,13.071365022894671,0.55,2
2020-11-27,0.3417901850893481,BASELINE,1.0,0.0,,7.7272005176417435,13.071365022894671,0.55,2
2020-12-04,0.3715227435395663,BASELINE,1.0,0.0,,7.7272005176417435,13.071365022894671,0.55,2
2020-12-11,0.4429039773406448,BASELINE,1.0,0.0,,7.7272005176417435,13.071365022894671,0.55,2
2020-12-18,0.4877236686029413,BASELINE,1.0,0.0,,7.7272005176417435,13.071365022894671,0.55,2
2021-01-08,0.4518635093563249,BASELINE,1.0,0.0,,8.422324942228125,15.358294552030976,0.65,3
2021-01-15,0.49623504847387717,BASELINE,1.0,0.0,,8.422324942228125,15.358294552030976,0.65,3
2021-01-22,0.4961323847118793,BASELINE,1.0,0.0,,8.422324942228125,15.358294552030976,0.65,3
2021-01-29,0.4419252395771604,BASELINE,1.0,0.0,,8.422324942228125,15.358294552030976,0.65,3
2021-02-05,0.4611814225161432,BASELINE,1.0,0.0,,8.422324942228125,15.358294552030976,0.65,3
2021-02-12,0.502511009135621,BASELINE,1.0,0.0,,8.422324942228125,15.358294552030976,0.65,3
2021-02-19,0.5321393154202125,BASELINE,1.0,0.0,,8.422324942228125,15.358294552030976,0.65,3
2021-02-26,0.38401837755483265,BASELINE,1.0,0.0,,8.422324942228125,15.358294552030976,0.65,3
2021-03-05,0.40837236663150445,BASELINE,1.0,0.0,,8.422324942228125,15.358294552030976,0.65,3
2021-03-12,0.33683391037827404,BASELINE,1.0,0.0,,8.422324942228125,15.358294552030976,0.65,3
2021-03-19,0.3149115957470405,BASELINE,1.0,0.0,,8.422324942228125,15.358294552030976,0.65,3
2021-03-26,0.30241468533130356,BASELINE,1.0,0.0,,8.422324942228125,15.358294552030976,0.65,3
2021-04-09,0.3100553050084581,BASELINE,1.0,0.0,,8.422324942228125,15.358294552030976,0.65,3
2021-04-16,0.36113428329264463,BASELINE,1.0,0.0,,8.422324942228125,15.358294552030976,0.65,3
2021-04-23,0.3775076806610787,BASELINE,1.0,0.0,,8.422324942228125,15.358294552030976,0.65,3
2021-04-30,0.415868696002099,BASELINE,1.0,0.0,,8.422324942228125,15.358294552030976,0.65,3
2021-05-07,0.4164406091039674,BASELINE,1.0,0.0,,8.422324942228125,15.358294552030976,0.65,3
2021-05-14,0.31856402125649175,BASELINE,1.0,0.0,,8.422324942228125,15.358294552030976,0.65,3
2021-05-21,0.27762007331265226,BASELINE,1.0,0.0,,8.422324942228125,15.358294552030976,0.65,3
2021-05-28,0.28203235689529166,BASELINE,1.0,0.0,,8.422324942228125,15.358294552030976,0.65,3
2021-06-04,0.2818399140608484,BASELINE,1.0,0.0,,8.422324942228125,15.358294552030976,0.65,3
2021-06-11,0.2998606744677128,BASELINE,1.0,0.0,,8.422324942228125,15.358294552030976,0.65,3
2021-06-18,0.3556169410067276,BASELINE,1.0,0.0,,8.422324942228125,15.358294552030976,0.65,3
2021-06-25,0.4022469259251628,BASELINE,1.0,0.0,,8.422324942228125,15.358294552030976,0.65,3
2021-07-02,0.49135664452808686,BASELINE,1.0,0.0,,8.422324942228125,15.358294552030976,0.65,3
2021-07-09,0.4969565398614674,BASELINE,1.0,0.0,,8.422324942228125,15.358294552030976,0.65,3
2021-07-16,0.46948453036649584,BASELINE,1.0,0.0,,8.422324942228125,15.358294552030976,0.65,3
2021-07-23,0.5062540602332902,BASELINE,1.0,0.0,,8.422324942228125,15.358294552030976,0.65,3
2021-07-30,0.507800798305026,BASELINE,1.0,0.0,,8.422324942228125,15.358294552030976,0.65,3
2021-08-06,0.5841893051492122,BASELINE,1.0,0.0,,8.422324942228125,15.358294552030976,0.65,3
2021-08-13,0.6409748631470714,BASELINE,1.0,0.0,,8.422324942228125,15.358294552030976,0.65,3
2021-08-20,0.5970770951126796,BASELINE,1.0,0.0,,8.422324942228125,15.358294552030976,0.65,3
2021-08-27,0.5582353137698598,BASELINE,1.0,0.0,,8.422324942228125,15.358294552030976,0.65,3
2021-09-03,0.5605612657233204,BASELINE,1.0,0.0,,8.422324942228125,15.358294552030976,0.65,3
2021-09-10,0.5852754115193016,BASELINE,1.0,0.0,,8.422324942228125,15.358294552030976,0.65,3
2021-09-17,0.5894269122383285,BASELINE,1.0,0.0,,8.422324942228125,15.358294552030976,0.65,3
2021-09-24,0.5226034126221492,BASELINE,1.0,0.0,,8.422324942228125,15.358294552030976,0.65,3
2021-10-01,0.5226279287732881,BASELINE,1.0,0.0,,8.422324942228125,15.358294552030976,0.65,3
2021-10-08,0.38523382060997824,BASELINE,1.0,0.0,,8.422324942228125,15.358294552030976,0.65,3
2021-10-15,0.42619245794670413,BASELINE,1.0,0.0,,8.422324942228125,15.358294552030976,0.65,3
2021-10-22,0.35057896730488625,BASELINE,1.0,0.0,,8.422324942228125,15.358294552030976,0.65,3
2021-10-29,0.37858863094138895,BASELINE,1.0,0.0,,8.422324942228125,15.358294552030976,0.65,3
2021-11-05,0.5320884029254503,BASELINE,1.0,0.0,,8.422324942228125,15.358294552030976,0.65,3
2021-11-12,0.5512002831764007,BASELINE,1.0,0.0,,8.422324942228125,15.358294552030976,0.65,3
2021-11-19,0.6175046872926246,BASELINE,1.0,0.0,,8.422324942228125,15.358294552030976,0.65,3
2021-11-26,0.536872132625669,BASELINE,1.0,0.0,,8.422324942228125,15.358294552030976,0.65,3
2021-12-03,0.422977553364016,BASELINE,1.0,0.0,,8.422324942228125,15.358294552030976,0.65,3
2021-12-10,0.4363743984797892,BASELINE,1.0,0.0,,8.422324942228125,15.358294552030976,0.65,3
2021-12-17,0.42321460952698947,BASELINE,1.0,0.0,,8.422324942228125,15.358294552030976,0.65,3
2021-12-31,0.41903111829885464,BASELINE,1.0,0.0,,8.422324942228125,15.358294552030976,0.65,3
2022-01-07,0.3678583390730956,BASELINE,1.0,0.0,,8.422324942228125,15.358294552030976,0.65,3
2022-01-14,0.1715926878576508,BASELINE,1.0,0.0,,8.422324942228125,15.358294552030976,0.65,3
2022-01-21,0.20109774949758963,BASELINE,1.0,0.0,,8.422324942228125,15.358294552030976,0.65,3
2022-01-28,0.24951479850460814,BASELINE,1.0,0.0,,8.422324942228125,15.358294552030976,0.65,3
2022-02-04,0.19818728261664614,BASELINE,1.0,0.0,,8.422324942228125,15.358294552030976,0.65,3
2022-02-11,0.1476091428811465,BASELINE,1.0,0.0,,8.422324942228125,15.358294552030976,0.65,3
2022-02-18,0.09256578496945964,BASELINE,1.0,0.0,,8.422324942228125,15.358294552030976,0.65,3
2022-02-25,0.02965408997103564,BASELINE,1.0,0.0,,8.422324942228125,15.358294552030976,0.65,3
2022-03-04,0.035607821941939365,BASELINE,1.0,0.0,,8.422324942228125,15.358294552030976,0.65,3
2022-03-11,0.04669791399689188,BASELINE,1.0,0.0,,8.422324942228125,15.358294552030976,0.65,3
2022-03-18,0.08757614164596068,BASELINE,1.0,0.0,,8.422324942228125,15.358294552030976,0.65,3
2022-03-25,0.016829385879908832,BASELINE,1.0,0.0,,8.422324942228125,15.358294552030976,0.65,3
2022-04-01,0.09276735815932034,BASELINE,1.0,0.0,,8.422324942228125,15.358294552030976,0.65,3
2022-04-08,0.10620658752618797,BASELINE,1.0,0.0,,8.422324942228125,15.358294552030976,0.65,3
2022-04-22,0.04114686437092321,BASELINE,1.0,0.0,,8.422324942228125,15.358294552030976,0.65,3
2022-04-29,0.03931201810934847,BASELINE,1.0,0.0,,8.422324942228125,15.358294552030976,0.65,3
2022-05-06,0.07910803615235312,BASELINE,1.0,0.0,,8.422324942228125,15.358294552030976,0.65,3
2022-05-13,0.03148557929062897,BASELINE,1.0,0.0,,8.422324942228125,15.358294552030976,0.65,3
2022-05-20,0.03579519770744063,BASELINE,1.0,0.0,,8.422324942228125,15.358294552030976,0.65,3
2022-05-27,0.035852498712661586,BASELINE,1.0,0.0,,8.422324942228125,15.358294552030976,0.65,3
2022-06-03,0.0770203142244744,BASELINE,1.0,0.0,,8.422324942228125,15.358294552030976,0.65,3
2022-06-10,0.07344579721473703,BASELINE,1.0,0.0,,8.422324942228125,15.358294552030976,0.65,3
2022-06-17,0.028607931178709602,BASELINE,1.0,0.0,,8.422324942228125,15.358294552030976,0.65,3
2022-06-24,0.035024912416074465,BASELINE,1.0,0.0,,8.422324942228125,15.358294552030976,0.65,3
2022-07-01,0.07893521297364293,BASELINE,1.0,0.0,,8.422324942228125,15.358294552030976,0.65,3
2022-07-08,0.07869279290308136,BASELINE,1.0,0.0,,8.422324942228125,15.358294552030976,0.65,3
2022-07-15,0.08274486673128416,BASELINE,1.0,0.0,,8.422324942228125,15.358294552030976,0.65,3
2022-07-22,0.09991893254671975,BASELINE,1.0,0.0,,8.422324942228125,15.358294552030976,0.65,3
2022-07-29,0.10498585705920664,BASELINE,1.0,0.0,,8.422324942228125,15.358294552030976,0.65,3
2022-08-05,0.13551254344873082,BASELINE,1.0,0.0,,8.422324942228125,15.358294552030976,0.65,3
2022-08-12,0.12187315742882111,BASELINE,1.0,0.0,,8.422324942228125,15.358294552030976,0.65,3
2022-08-19,0.1520354331799319,BASELINE,1.0,0.0,,8.422324942228125,15.358294552030976,0.65,3
2022-08-26,0.13292617179370406,BASELINE,1.0,0.0,,8.422324942228125,15.358294552030976,0.65,3
2022-09-02,0.04050648867994363,BASELINE,1.0,0.0,,8.422324942228125,15.358294552030976,0.65,3
2022-09-09,0.09251046673733095,BASELINE,1.0,0.0,,8.422324942228125,15.358294552030976,0.65,3
2022-09-16,0.07176077049862073,BASELINE,1.0,0.0,,8.422324942228125,15.358294552030976,0.65,3
2022-09-23,0.07336728216894775,BASELINE,1.0,0.0,,8.422324942228125,15.358294552030976,0.65,3
2022-09-30,0.18450712121690005,BASELINE,1.0,0.0,,8.422324942228125,15.358294552030976,0.65,3
2022-10-07,0.19121370606175872,BASELINE,1.0,0.0,,8.422324942228125,15.358294552030976,0.65,3
2022-10-14,0.14796506503882137,BASELINE,1.0,0.0,,8.422324942228125,15.358294552030976,0.65,3
2022-10-21,0.15399171280822596,BASELINE,1.0,0.0,,8.422324942228125,15.358294552030976,0.65,3
2022-10-28,0.1682268167324687,BASELINE,1.0,0.0,,8.422324942228125,15.358294552030976,0.65,3
2022-11-04,0.18510093738932296,BASELINE,1.0,0.0,,8.422324942228125,15.358294552030976,0.65,3
2022-11-11,0.21524303118041127,BASELINE,1.0,0.0,,8.422324942228125,15.358294552030976,0.65,3
2022-11-18,0.18399800356681015,BASELINE,1.0,0.0,,8.422324942228125,15.358294552030976,0.65,3
2022-11-25,0.17008872020964383,BASELINE,1.0,0.0,,8.422324942228125,15.358294552030976,0.65,3
2022-12-02,0.1610416564028163,BASELINE,1.0,0.0,,8.422324942228125,15.358294552030976,0.65,3
2022-12-09,0.1530822605988454,BASELINE,1.0,0.0,,8.422324942228125,15.358294552030976,0.65,3
2022-12-16,0.20511766169764,BASELINE,1.0,0.0,,8.422324942228125,15.358294552030976,0.65,3
2022-12-23,0.20321579550666313,BASELINE,1.0,0.0,,8.422324942228125,15.358294552030976,0.65,3
2022-12-30,0.193649460612101,BASELINE,1.0,0.0,,8.422324942228125,15.358294552030976,0.65,3
2023-01-06,0.2169606746847858,BASELINE,1.0,0.0,,7.240074950644641,7.963183554794965,0.65,4
2023-01-13,0.23421467699869183,BASELINE,1.0,0.0,,7.240074950644641,7.963183554794965,0.65,4
2023-01-20,0.2605090421991043,BASELINE,1.0,0.0,,7.240074950644641,7.963183554794965,0.65,4
2023-01-27,0.28795761769337247,BASELINE,1.0,0.0,,7.240074950644641,7.963183554794965,0.65,4
2023-02-03,0.292700153357208,BASELINE,1.0,0.0,,7.240074950644641,7.963183554794965,0.65,4
2023-02-10,0.30210283409162964,BASELINE,1.0,0.0,,7.240074950644641,7.963183554794965,0.65,4
2023-02-17,0.2799178608605282,BASELINE,1.0,0.0,,7.240074950644641,7.963183554794965,0.65,4
2023-02-24,0.29946393511207237,BASELINE,1.0,0.0,,7.240074950644641,7.963183554794965,0.65,4
2023-03-03,0.22461706157858422,BASELINE,1.0,0.0,,7.240074950644641,7.963183554794965,0.65,4
2023-03-10,0.2802873096503791,BASELINE,1.0,0.0,,7.240074950644641,7.963183554794965,0.65,4
2023-03-17,0.2610825152380839,BASELINE,1.0,0.0,,7.240074950644641,7.963183554794965,0.65,4
2023-03-24,0.30313788179362217,BASELINE,1.0,0.0,,7.240074950644641,7.963183554794965,0.65,4
2023-03-31,0.31469393912668575,BASELINE,1.0,0.0,,7.240074950644641,7.963183554794965,0.65,4
2023-04-14,0.3648154680241552,BASELINE,1.0,0.0,,7.240074950644641,7.963183554794965,0.65,4
2023-04-21,0.37073824114505194,BASELINE,1.0,0.0,,7.240074950644641,7.963183554794965,0.65,4
2023-04-28,0.3752835928848351,BASELINE,1.0,0.0,,7.240074950644641,7.963183554794965,0.65,4
2023-05-05,0.37899021041113484,BASELINE,1.0,0.0,,7.240074950644641,7.963183554794965,0.65,4
2023-05-12,0.44863755827254187,BASELINE,1.0,0.0,,7.240074950644641,7.963183554794965,0.65,4
2023-05-19,0.46659471332463337,BASELINE,1.0,0.0,,7.240074950644641,7.963183554794965,0.65,4
2023-05-26,0.530278867773913,BASELINE,1.0,0.0,,7.240074950644641,7.963183554794965,0.65,4
2023-06-02,0.5892939065689439,BASELINE,1.0,0.0,,7.240074950644641,7.963183554794965,0.65,4
2023-06-09,0.5619279948649801,BASELINE,1.0,0.0,,7.240074950644641,7.963183554794965,0.65,4
2023-06-16,0.5789920918698109,BASELINE,1.0,0.0,,7.240074950644641,7.963183554794965,0.65,4
2023-06-23,0.5685565294422846,BASELINE,1.0,0.0,,7.240074950644641,7.963183554794965,0.65,4
2023-06-30,0.5437344006818361,BASELINE,1.0,0.0,,7.240074950644641,7.963183554794965,0.65,4
2023-07-07,0.604101469720208,BASELINE,1.0,0.0,,7.240074950644641,7.963183554794965,0.65,4
2023-07-14,0.6387741193987548,BASELINE,1.0,0.0,,7.240074950644641,7.963183554794965,0.65,4
2023-07-21,0.5773283878756688,BASELINE,1.0,0.0,,7.240074950644641,7.963183554794965,0.65,4
2023-07-28,0.6176370542296147,BASELINE,1.0,0.0,,7.240074950644641,7.963183554794965,0.65,4
2023-08-04,0.656601734995868,DEFENSIVE_LIGHT,0.85,0.0,,7.240074950644641,7.963183554794965,0.65,4
2023-08-11,0.5544555433590488,BASELINE,1.0,0.0,,7.240074950644641,7.963183554794965,0.65,4
2023-08-18,0.48188259681217077,BASELINE,1.0,0.0,,7.240074950644641,7.963183554794965,0.65,4
2023-08-25,0.42547040392008895,BASELINE,1.0,0.0,,7.240074950644641,7.963183554794965,0.65,4
2023-09-01,0.5037971484785815,BASELINE,1.0,0.0,,7.240074950644641,7.963183554794965,0.65,4
2023-09-08,0.5233435366626329,BASELINE,1.0,0.0,,7.240074950644641,7.963183554794965,0.65,4
2023-09-15,0.5108746659201963,BASELINE,1.0,0.0,,7.240074950644641,7.963183554794965,0.65,4
2023-09-22,0.4399576866050482,BASELINE,1.0,0.0,,7.240074950644641,7.963183554794965,0.65,4
2023-09-29,0.3826373845831385,BASELINE,1.0,0.0,,7.240074950644641,7.963183554794965,0.65,4
2023-10-06,0.3307991744160651,BASELINE,1.0,0.0,,7.240074950644641,7.963183554794965,0.65,4
2023-10-13,0.4182514509055275,BASELINE,1.0,0.0,,7.240074950644641,7.963183554794965,0.65,4
2023-10-20,0.41779413791584985,BASELINE,1.0,0.0,,7.240074950644641,7.963183554794965,0.65,4
2023-10-27,0.3302571769587364,BASELINE,1.0,0.0,,7.240074950644641,7.963183554794965,0.65,4
2023-11-03,0.32319766211328604,BASELINE,1.0,0.0,,7.240074950644641,7.963183554794965,0.65,4
2023-11-10,0.3568829393104042,BASELINE,1.0,0.0,,7.240074950644641,7.963183554794965,0.65,4
2023-11-17,0.5035016712667466,BASELINE,1.0,0.0,,7.240074950644641,7.963183554794965,0.65,4
2023-11-24,0.5799137030478186,BASELINE,1.0,0.0,,7.240074950644641,7.963183554794965,0.65,4
2023-12-01,0.5568899841260063,BASELINE,1.0,0.0,,7.240074950644641,7.963183554794965,0.65,4
2023-12-08,0.548465232631528,BASELINE,1.0,0.0,,7.240074950644641,7.963183554794965,0.65,4
2023-12-15,0.5543049410699512,BASELINE,1.0,0.0,,7.240074950644641,7.963183554794965,0.65,4
2023-12-22,0.6080063588740795,BASELINE,1.0,0.0,,7.240074950644641,7.963183554794965,0.65,4
2023-12-29,0.6147723798538816,BASELINE,1.0,0.0,,7.240074950644641,7.963183554794965,0.65,4
2024-01-05,0.5569392911603881,BASELINE,1.0,0.0,,7.240074950644641,7.963183554794965,0.65,4
2024-01-12,0.5781349298846549,BASELINE,1.0,0.0,,7.240074950644641,7.963183554794965,0.65,4
2024-01-19,0.5972049817691328,BASELINE,1.0,0.0,,7.240074950644641,7.963183554794965,0.65,4
2024-01-26,0.5952297120794899,BASELINE,1.0,0.0,,7.240074950644641,7.963183554794965,0.65,4
2024-02-02,0.5712032116896125,BASELINE,1.0,0.0,,7.240074950644641,7.963183554794965,0.65,4
2024-02-09,0.6103417872476721,BASELINE,1.0,0.0,,7.240074950644641,7.963183554794965,0.65,4
2024-02-16,0.6090531816095112,BASELINE,1.0,0.0,,7.240074950644641,7.963183554794965,0.65,4
2024-02-23,0.54767046333122,BASELINE,1.0,0.0,,7.240074950644641,7.963183554794965,0.65,4
2024-03-01,0.5811861410087826,BASELINE,1.0,0.0,,7.240074950644641,7.963183554794965,0.65,4
2024-03-08,0.5664321823123782,BASELINE,1.0,0.0,,7.240074950644641,7.963183554794965,0.65,4
2024-03-15,0.5842300624293257,BASELINE,1.0,0.0,,7.240074950644641,7.963183554794965,0.65,4
2024-03-22,0.6013989866098943,BASELINE,1.0,0.0,,7.240074950644641,7.963183554794965,0.65,4
2024-04-05,0.64157443968544,BASELINE,1.0,0.0,,7.240074950644641,7.963183554794965,0.65,4
2024-04-12,0.649353168325138,BASELINE,1.0,0.0,,7.240074950644641,7.963183554794965,0.65,4
2024-04-19,0.5743391922336386,BASELINE,1.0,0.0,,7.240074950644641,7.963183554794965,0.65,4
2024-04-26,0.49788867231464706,BASELINE,1.0,0.0,,7.240074950644641,7.963183554794965,0.65,4
2024-05-03,0.556576817367875,BASELINE,1.0,0.0,,7.240074950644641,7.963183554794965,0.65,4
2024-05-10,0.5883359686525518,BASELINE,1.0,0.0,,7.240074950644641,7.963183554794965,0.65,4
2024-05-17,0.6037515369854415,BASELINE,1.0,0.0,,7.240074950644641,7.963183554794965,0.65,4
2024-05-24,0.656954185320208,DEFENSIVE_LIGHT,0.85,0.0,,7.240074950644641,7.963183554794965,0.65,4
2024-05-31,0.6235723123503042,BASELINE,1.0,0.0,,7.240074950644641,7.963183554794965,0.65,4
2024-06-07,0.6442284350084349,BASELINE,1.0,0.0,,7.240074950644641,7.963183554794965,0.65,4
2024-06-14,0.648259364685051,BASELINE,1.0,0.0,,7.240074950644641,7.963183554794965,0.65,4
2024-06-21,0.6422363519418948,BASELINE,1.0,0.0,,7.240074950644641,7.963183554794965,0.65,4
2024-06-28,0.6011060760505998,BASELINE,1.0,0.0,,7.240074950644641,7.963183554794965,0.65,4
2024-07-05,0.669250883905496,DEFENSIVE_LIGHT,0.85,0.0,,4.285327415802528,7.360499763560936,0.55,5
2024-07-12,0.6806845585323102,DEFENSIVE_LIGHT,0.85,0.0,,4.285327415802528,7.360499763560936,0.55,5
2024-07-19,0.6332642779742561,DEFENSIVE_LIGHT,0.85,0.0,,4.285327415802528,7.360499763560936,0.55,5
2024-07-26,0.5596873348321896,DEFENSIVE_LIGHT,0.85,0.0,,4.285327415802528,7.360499763560936,0.55,5
2024-08-02,0.46910066821934954,BASELINE,1.0,0.0,,4.285327415802528,7.360499763560936,0.55,5
2024-08-09,0.10332196984086027,BASELINE,1.0,0.0,,4.285327415802528,7.360499763560936,0.55,5
2024-08-16,0.13349701352933846,BASELINE,1.0,0.0,,4.285327415802528,7.360499763560936,0.55,5
2024-08-23,0.11347281497193601,BASELINE,1.0,0.0,,4.285327415802528,7.360499763560936,0.55,5
2024-08-30,0.10161058277643836,BASELINE,1.0,0.0,,4.285327415802528,7.360499763560936,0.55,5
2024-09-06,0.10786027614218822,BASELINE,1.0,0.0,,4.285327415802528,7.360499763560936,0.55,5
2024-09-13,0.09558601311393652,BASELINE,1.0,0.0,,4.285327415802528,7.360499763560936,0.55,5
2024-09-20,0.1509908573566543,BASELINE,1.0,0.0,,4.285327415802528,7.360499763560936,0.55,5
2024-09-27,0.2276239832887927,BASELINE,1.0,0.0,,4.285327415802528,7.360499763560936,0.55,5
2024-10-04,0.237668225813507,BASELINE,1.0,0.0,,4.285327415802528,7.360499763560936,0.55,5
2024-10-11,0.23925935499807477,BASELINE,1.0,0.0,,4.285327415802528,7.360499763560936,0.55,5
2024-10-18,0.3494340287060656,BASELINE,1.0,0.0,,4.285327415802528,7.360499763560936,0.55,5
2024-10-25,0.3925109367627837,BASELINE,1.0,0.0,,4.285327415802528,7.360499763560936,0.55,5
2024-11-01,0.584184183207543,DEFENSIVE_LIGHT,0.85,0.0,,4.285327415802528,7.360499763560936,0.55,5
2024-11-08,0.5365592623920528,BASELINE,1.0,0.0,,4.285327415802528,7.360499763560936,0.55,5
2024-11-15,0.5979174713434697,DEFENSIVE_LIGHT,0.85,0.0,,4.285327415802528,7.360499763560936,0.55,5
2024-11-22,0.5046939537662043,BASELINE,1.0,0.0,,4.285327415802528,7.360499763560936,0.55,5
2024-11-29,0.529381396432298,BASELINE,1.0,0.0,,4.285327415802528,7.360499763560936,0.55,5
2024-12-06,0.6082432189247988,DEFENSIVE_LIGHT,0.85,0.0,,4.285327415802528,7.360499763560936,0.55,5
2024-12-13,0.5996275355952526,DEFENSIVE_LIGHT,0.85,0.0,,4.285327415802528,7.360499763560936,0.55,5
2024-12-20,0.6456175982924384,DEFENSIVE_LIGHT,0.85,0.0,,4.285327415802528,7.360499763560936,0.55,5
2024-12-27,0.5867766264031635,DEFENSIVE_LIGHT,0.85,0.0,,4.285327415802528,7.360499763560936,0.55,5
2025-01-03,0.5396899234054866,BASELINE,1.0,0.0,,4.285327415802528,7.360499763560936,0.55,5
2025-01-10,0.3677277521114477,BASELINE,1.0,0.0,,4.285327415802528,7.360499763560936,0.55,5
2025-01-17,0.31208605426438263,BASELINE,1.0,0.0,,4.285327415802528,7.360499763560936,0.55,5
2025-01-24,0.4564073237461375,BASELINE,1.0,0.0,,4.285327415802528,7.360499763560936,0.55,5
2025-01-31,0.6365188180638837,DEFENSIVE_LIGHT,0.85,0.0,,4.285327415802528,7.360499763560936,0.55,5
2025-02-07,0.6334794490568939,DEFENSIVE_LIGHT,0.85,0.0,,4.285327415802528,7.360499763560936,0.55,5
2025-02-14,0.5942790064708562,DEFENSIVE_LIGHT,0.85,0.0,,4.285327415802528,7.360499763560936,0.55,5
2025-02-21,0.6165238502725942,DEFENSIVE_LIGHT,0.85,0.0,,4.285327415802528,7.360499763560936,0.55,5
2025-02-28,0.4502554637321403,BASELINE,1.0,0.0,,4.285327415802528,7.360499763560936,0.55,5
2025-03-07,0.2849110853239339,BASELINE,1.0,0.0,,4.285327415802528,7.360499763560936,0.55,5
2025-03-14,0.1961105425270563,BASELINE,1.0,0.0,,4.285327415802528,7.360499763560936,0.55,5
2025-03-21,0.04708957150377589,BASELINE,1.0,0.0,,4.285327415802528,7.360499763560936,0.55,5
2025-03-28,0.03236080101667925,BASELINE,1.0,0.0,,4.285327415802528,7.360499763560936,0.55,5
2025-04-04,0.02759099031350488,BASELINE,1.0,0.0,,4.285327415802528,7.360499763560936,0.55,5
2025-04-11,0.08699438982223934,BASELINE,1.0,0.0,,4.285327415802528,7.360499763560936,0.55,5
2025-04-25,0.06921281764692591,BASELINE,1.0,0.0,,4.285327415802528,7.360499763560936,0.55,5
2025-05-02,0.029445530461708457,BASELINE,1.0,0.0,,4.285327415802528,7.360499763560936,0.55,5
2025-05-09,0.021393033957802662,BASELINE,1.0,0.0,,4.285327415802528,7.360499763560936,0.55,5
2025-05-16,0.09167130775083358,BASELINE,1.0,0.0,,4.285327415802528,7.360499763560936,0.55,5
2025-05-23,0.04638080883846726,BASELINE,1.0,0.0,,4.285327415802528,7.360499763560936,0.55,5
2025-05-30,0.04256617125880551,BASELINE,1.0,0.0,,4.285327415802528,7.360499763560936,0.55,5
2025-06-06,0.053777940266665256,BASELINE,1.0,0.0,,4.285327415802528,7.360499763560936,0.55,5
2025-06-13,0.08992877138290148,BASELINE,1.0,0.0,,4.285327415802528,7.360499763560936,0.55,5
2025-06-20,0.09137360985572118,BASELINE,1.0,0.0,,4.285327415802528,7.360499763560936,0.55,5
2025-06-27,0.13543929349268136,BASELINE,1.0,0.0,,4.285327415802528,7.360499763560936,0.55,5
2025-07-11,0.21827427060725293,BASELINE,1.0,0.0,,4.285327415802528,7.360499763560936,0.55,5
2025-07-18,0.402857024631262,BASELINE,1.0,0.0,,4.285327415802528,7.360499763560936,0.55,5
2025-07-25,0.48387063502733946,BASELINE,1.0,0.0,,4.285327415802528,7.360499763560936,0.55,5
2025-08-01,0.6090687758081113,DEFENSIVE_LIGHT,0.85,0.0,,4.285327415802528,7.360499763560936,0.55,5
2025-08-08,0.5708911157692176,DEFENSIVE_LIGHT,0.85,0.0,,4.285327415802528,7.360499763560936,0.55,5
2025-08-15,0.5828172104234793,DEFENSIVE_LIGHT,0.85,0.0,,4.285327415802528,7.360499763560936,0.55,5
2025-08-22,0.5989853788985355,DEFENSIVE_LIGHT,0.85,0.0,,4.285327415802528,7.360499763560936,0.55,5
2025-08-29,0.6310958874054347,DEFENSIVE_LIGHT,0.85,0.0,,4.285327415802528,7.360499763560936,0.55,5
2025-09-05,0.6118291447745324,DEFENSIVE_LIGHT,0.85,0.0,,4.285327415802528,7.360499763560936,0.55,5
2025-09-12,0.6108696878718485,DEFENSIVE_LIGHT,0.85,0.0,,4.285327415802528,7.360499763560936,0.55,5
2025-09-19,0.5484518282126305,BASELINE,1.0,0.0,,4.285327415802528,7.360499763560936,0.55,5
2025-09-26,0.5175798684720678,BASELINE,1.0,0.0,,4.285327415802528,7.360499763560936,0.55,5
2025-10-03,0.5583799151478086,DEFENSIVE_LIGHT,0.85,0.0,,4.285327415802528,7.360499763560936,0.55,5
2025-10-10,0.6360884537916276,DEFENSIVE_LIGHT,0.85,0.0,,4.285327415802528,7.360499763560936,0.55,5
2025-10-17,0.6324076816689216,DEFENSIVE_LIGHT,0.85,0.0,,4.285327415802528,7.360499763560936,0.55,5
2025-10-24,0.654570648199945,DEFENSIVE_LIGHT,0.85,0.0,,4.285327415802528,7.360499763560936,0.55,5
2025-10-31,0.65980316346434,DEFENSIVE_LIGHT,0.85,0.0,,4.285327415802528,7.360499763560936,0.55,5
2025-11-07,0.6241163879136955,DEFENSIVE_LIGHT,0.85,0.0,,4.285327415802528,7.360499763560936,0.55,5
2025-11-14,0.5823311548711195,DEFENSIVE_LIGHT,0.85,0.0,,4.285327415802528,7.360499763560936,0.55,5
2025-11-21,0.4710012417922779,BASELINE,1.0,0.0,,4.285327415802528,7.360499763560936,0.55,5
2025-11-28,0.5613088743554958,DEFENSIVE_LIGHT,0.85,0.0,,4.285327415802528,7.360499763560936,0.55,5
2025-12-05,0.576634128844466,DEFENSIVE_LIGHT,0.85,0.0,,4.285327415802528,7.360499763560936,0.55,5
2025-12-12,0.5772390511912762,DEFENSIVE_LIGHT,0.85,0.0,,4.285327415802528,7.360499763560936,0.55,5
2025-12-19,0.5645154845120167,DEFENSIVE_LIGHT,0.85,0.0,,4.285327415802528,7.360499763560936,0.55,5
2025-12-26,0.5731695881001565,DEFENSIVE_LIGHT,0.85,0.0,,4.285327415802528,7.360499763560936,0.55,5
2026-01-02,0.5589969704173081,DEFENSIVE_LIGHT,0.85,0.0,,4.285327415802528,7.360499763560936,0.55,5
2026-01-09,0.5755308166668963,DEFENSIVE_LIGHT,0.85,0.0,,4.285327415802528,7.360499763560936,0.55,5
2026-01-16,0.5724914401937459,DEFENSIVE_LIGHT,0.85,0.0,,4.285327415802528,7.360499763560936,0.55,5
2026-01-23,0.5745982070469539,DEFENSIVE_LIGHT,0.85,0.0,,4.285327415802528,7.360499763560936,0.55,5
2026-01-30,0.562482496754341,DEFENSIVE_LIGHT,0.85,0.0,,4.285327415802528,7.360499763560936,0.55,5
2026-02-06,0.4924595028210069,BASELINE,1.0,0.0,,4.285327415802528,7.360499763560936,0.55,5
2026-02-13,0.369329278975823,BASELINE,1.0,0.0,,4.285327415802528,7.360499763560936,0.55,5
