weight_cap,k_atr,turb_zscore_thr,turb_scale_min,vol_target_ann,fold,score_val,VAL_Sharpe,VAL_CAGR%,VAL_MaxDD%,VAL_SR_tstat,p_value,q_value,significant_5pct,significant_10pct,SR_above_HLZ_tmin,stat_label
0.55,3.0,1.5,0.25,0.35,1,1.7417762529653131,1.8774,50.278,-14.169,2.646,0.00815,0.090994,False,True,False,sig@10%_FDR_support
0.65,3.0,1.5,0.25,0.35,1,1.7406148916531539,1.8766,50.248,-14.169,2.645,0.00818,0.090994,False,True,False,sig@10%_FDR_support
0.55,3.0,1.5,0.4,0.35,1,1.7311450066289034,1.8635,50.321,-14.169,2.626,0.00863,0.090994,False,True,False,sig@10%_FDR_support
0.65,3.0,1.5,0.4,0.35,1,1.7295529684864261,1.8623,50.28,-14.169,2.625,0.00867,0.090994,False,True,False,sig@10%_FDR_support
0.55,3.0,1.0,0.4,0.35,1,1.6936043235384175,1.8852,48.322,-14.133,2.657,0.00789,0.090994,False,True,False,sig@10%_FDR_support
0.65,3.0,1.0,0.4,0.35,1,1.691991592673562,1.884,48.281,-14.133,2.655,0.00793,0.090994,False,True,False,sig@10%_FDR_support
0.55,3.0,1.0,0.25,0.35,1,1.6714162534891412,1.8767,47.374,-14.133,2.645,0.00817,0.090994,False,True,False,sig@10%_FDR_support
0.65,3.0,1.0,0.25,0.35,1,1.6704128808383925,1.8759,47.348,-14.133,2.644,0.0082,0.090994,False,True,False,sig@10%_FDR_support
0.55,3.0,1.5,0.25,0.3,1,1.6641295176125963,1.8246,45.488,-13.197,2.572,0.01012,0.090994,False,True,False,sig@10%_FDR_support
0.65,3.0,1.5,0.25,0.3,1,1.662923814393703,1.8236,45.459,-13.197,2.571,0.01015,0.090994,False,True,False,sig@10%_FDR_support
0.55,3.0,1.5,0.4,0.3,1,1.6512695427078063,1.8093,45.529,-13.197,2.55,0.01076,0.090994,False,True,False,sig@10%_FDR_support
0.65,3.0,1.5,0.4,0.3,1,1.6496174092253084,1.808,45.489,-13.197,2.549,0.01081,0.090994,False,True,False,sig@10%_FDR_support
0.55,3.0,1.0,0.4,0.3,1,1.6038117555028841,1.8253,43.576,-13.174,2.573,0.01009,0.090994,False,True,False,sig@10%_FDR_support
0.65,3.0,1.0,0.4,0.3,1,1.6021417323480733,1.8239,43.537,-13.174,2.571,0.01014,0.090994,False,True,False,sig@10%_FDR_support
0.55,3.0,1.0,0.25,0.3,1,1.5827068938374902,1.8168,42.658,-13.174,2.561,0.01044,0.090994,False,True,False,sig@10%_FDR_support
0.65,3.0,1.0,0.25,0.3,1,1.5816669343977903,1.816,42.634,-13.174,2.56,0.01047,0.090994,False,True,False,sig@10%_FDR_support
0.55,3.0,1.5,0.25,0.25,1,1.5810011003553022,1.7658,40.275,-12.091,2.489,0.01279,0.090994,False,True,False,sig@10%_FDR_support
0.65,3.0,1.5,0.25,0.25,1,1.5797301453532777,1.7648,40.247,-12.091,2.488,0.01284,0.090994,False,True,False,sig@10%_FDR_support
0.55,3.0,1.5,0.4,0.25,1,1.5645920974701533,1.7485,40.315,-12.091,2.465,0.01369,0.090994,False,True,False,sig@10%_FDR_support
0.65,3.0,1.5,0.4,0.25,1,1.5628520564648616,1.7472,40.277,-12.091,2.463,0.01376,0.090994,False,True,False,sig@10%_FDR_support
0.55,2.5,1.5,0.25,0.35,1,1.5441835492450082,1.7444,44.327,-14.199,2.46,0.01391,0.090994,False,True,False,sig@10%_FDR_support
0.65,2.5,1.5,0.25,0.35,1,1.5435122950989388,1.7439,44.31,-14.199,2.459,0.01394,0.090994,False,True,False,sig@10%_FDR_support
0.55,2.5,1.5,0.4,0.35,1,1.5395668885177063,1.7353,44.448,-14.199,2.447,0.01441,0.090994,False,True,False,sig@10%_FDR_support
0.65,2.5,1.5,0.4,0.35,1,1.5387479637613888,1.7347,44.428,-14.199,2.446,0.01445,0.090994,False,True,False,sig@10%_FDR_support
0.55,3.0,1.0,0.4,0.25,1,1.5220397683100537,1.7701,38.487,-12.061,2.496,0.01258,0.090994,False,True,False,sig@10%_FDR_support
0.65,3.0,1.0,0.4,0.25,1,1.5202719188733762,1.7686,38.449,-12.061,2.494,0.01265,0.090994,False,True,False,sig@10%_FDR_support
0.55,2.5,1.5,0.25,0.3,1,1.519033585237798,1.7192,41.306,-13.222,2.424,0.01534,0.090994,False,True,False,sig@10%_FDR_support
0.65,2.5,1.5,0.25,0.3,1,1.51833292489559,1.7187,41.289,-13.222,2.423,0.01537,0.090994,False,True,False,sig@10%_FDR_support
0.55,2.5,1.5,0.4,0.3,1,1.5127481844475084,1.7092,41.424,-13.222,2.41,0.01594,0.090994,False,True,False,sig@10%_FDR_support
0.65,2.5,1.5,0.4,0.3,1,1.5118920274082028,1.7085,41.404,-13.222,2.409,0.01599,0.090994,False,True,False,sig@10%_FDR_support
0.55,3.0,1.0,0.25,0.25,1,1.5034806908974554,1.7623,37.602,-12.061,2.485,0.01297,0.090994,False,True,False,sig@10%_FDR_support
0.65,3.0,1.0,0.25,0.25,1,1.5023780446355235,1.7614,37.578,-12.061,2.483,0.01301,0.090994,False,True,False,sig@10%_FDR_support
0.55,2.5,1.0,0.4,0.35,1,1.4929878624992377,1.7466,42.327,-14.15,2.463,0.01379,0.090994,False,True,False,sig@10%_FDR_support
0.65,2.5,1.0,0.4,0.35,1,1.4921558898659202,1.7459,42.307,-14.15,2.462,0.01383,0.090994,False,True,False,sig@10%_FDR_support
0.55,2.5,1.5,0.25,0.25,1,1.4884020716747401,1.6793,37.301,-11.995,2.368,0.01787,0.090994,False,True,False,sig@10%_FDR_support
0.65,2.5,1.5,0.25,0.25,1,1.4876527669697504,1.6787,37.285,-11.995,2.367,0.01791,0.090994,False,True,False,sig@10%_FDR_support
0.55,2.5,1.5,0.4,0.25,1,1.47882377993014,1.6679,37.416,-11.995,2.352,0.01866,0.090994,False,True,False,sig@10%_FDR_support
0.65,2.5,1.5,0.4,0.25,1,1.4779057503608262,1.6671,37.397,-11.995,2.351,0.01871,0.090994,False,True,False,sig@10%_FDR_support
0.55,2.5,1.0,0.25,0.35,1,1.4705932015386467,1.7365,41.487,-14.15,2.448,0.01435,0.090994,False,True,False,sig@10%_FDR_support
0.65,2.5,1.0,0.25,0.35,1,1.4700826912010057,1.7361,41.474,-14.15,2.448,0.01437,0.090994,False,True,False,sig@10%_FDR_support
0.65,2.0,1.5,0.4,0.35,1,1.4624436554415834,1.705,37.754,-11.684,2.404,0.0162,0.090994,False,True,False,sig@10%_FDR_support
0.55,2.0,1.5,0.4,0.35,1,1.4618397863189958,1.7045,37.74,-11.684,2.404,0.01624,0.090994,False,True,False,sig@10%_FDR_support
0.55,2.5,1.0,0.4,0.3,1,1.4536298321145138,1.7135,39.356,-13.204,2.416,0.01568,0.090994,False,True,False,sig@10%_FDR_support
0.65,2.5,1.0,0.4,0.3,1,1.452764541671421,1.7128,39.336,-13.204,2.415,0.01573,0.090994,False,True,False,sig@10%_FDR_support
0.65,2.0,1.5,0.25,0.35,1,1.4493332834657122,1.6999,37.228,-11.684,2.397,0.01652,0.090994,False,True,False,sig@10%_FDR_support
0.55,2.0,1.5,0.25,0.35,1,1.4489950960865627,1.6996,37.22,-11.684,2.397,0.01654,0.090994,False,True,False,sig@10%_FDR_support
0.65,2.0,1.5,0.4,0.3,1,1.448440573622967,1.6933,36.21,-11.258,2.388,0.01694,0.090994,False,True,False,sig@10%_FDR_support
0.55,2.0,1.5,0.4,0.3,1,1.4478209012551009,1.6928,36.197,-11.258,2.387,0.01698,0.090994,False,True,False,sig@10%_FDR_support
0.65,2.0,1.5,0.25,0.3,1,1.4359843542092685,1.6884,35.69,-11.258,2.381,0.01726,0.090994,False,True,False,sig@10%_FDR_support
0.55,2.0,1.5,0.25,0.3,1,1.435637279783965,1.6881,35.683,-11.258,2.381,0.01728,0.090994,False,True,False,sig@10%_FDR_support
0.65,2.0,1.5,0.4,0.25,1,1.433067756601388,1.6778,33.964,-10.507,2.366,0.01797,0.090994,False,True,False,sig@10%_FDR_support
0.55,2.0,1.5,0.4,0.25,1,1.4324198984384495,1.6772,33.951,-10.507,2.365,0.01801,0.090994,False,True,False,sig@10%_FDR_support
0.55,2.5,1.0,0.25,0.3,1,1.431816265010671,1.7035,38.533,-13.204,2.402,0.0163,0.090994,False,True,False,sig@10%_FDR_support
0.65,2.5,1.0,0.25,0.3,1,1.4312855171128218,1.703,38.521,-13.204,2.402,0.01633,0.090994,False,True,False,sig@10%_FDR_support
0.65,2.0,1.5,0.25,0.25,1,1.421734269437876,1.6734,33.453,-10.507,2.36,0.01827,0.090994,False,True,False,sig@10%_FDR_support
0.55,2.5,1.0,0.4,0.25,1,1.421636777007596,1.6769,35.416,-11.969,2.365,0.01803,0.090994,False,True,False,sig@10%_FDR_support
0.55,2.0,1.5,0.25,0.25,1,1.4213712671429026,1.6731,33.446,-10.507,2.36,0.01829,0.090994,False,True,False,sig@10%_FDR_support
0.65,2.5,1.0,0.4,0.25,1,1.4207038401754808,1.6762,35.397,-11.969,2.364,0.01808,0.090994,False,True,False,sig@10%_FDR_support
0.65,2.0,1.0,0.4,0.35,1,1.4199497823410105,1.7296,35.978,-11.643,2.439,0.01473,0.090994,False,True,False,sig@10%_FDR_support
0.55,2.0,1.0,0.4,0.35,1,1.4193351273142931,1.7291,35.965,-11.643,2.438,0.01477,0.090994,False,True,False,sig@10%_FDR_support
0.55,2.5,1.0,0.25,0.25,1,1.4020245396388644,1.6675,34.616,-11.969,2.352,0.01869,0.090994,False,True,False,sig@10%_FDR_support
0.65,2.5,1.0,0.25,0.25,1,1.4014530163548657,1.667,34.605,-11.969,2.351,0.01872,0.090994,False,True,False,sig@10%_FDR_support
0.65,2.0,1.0,0.25,0.35,1,1.3829861327771065,1.7066,34.906,-11.643,2.407,0.0161,0.090994,False,True,False,sig@10%_FDR_support
0.55,2.0,1.0,0.25,0.35,1,1.3826053137463914,1.7063,34.897,-11.643,2.406,0.01612,0.090994,False,True,False,sig@10%_FDR_support
0.65,2.0,1.0,0.4,0.3,1,1.3816319613906598,1.7031,34.137,-11.256,2.402,0.01632,0.090994,False,True,False,sig@10%_FDR_support
0.55,2.0,1.0,0.4,0.3,1,1.3810038398032396,1.7025,34.123,-11.256,2.401,0.01636,0.090994,False,True,False,sig@10%_FDR_support
0.65,2.0,1.0,0.4,0.25,1,1.367994694066266,1.6925,31.934,-10.462,2.387,0.017,0.090994,False,True,False,sig@10%_FDR_support
0.55,2.0,1.0,0.4,0.25,1,1.3673353787148956,1.6919,31.921,-10.462,2.386,0.01703,0.090994,False,True,False,sig@10%_FDR_support
0.65,2.0,1.0,0.25,0.3,1,1.34469590772395,1.6798,33.079,-11.256,2.369,0.01784,0.090994,False,True,False,sig@10%_FDR_support
0.55,2.0,1.0,0.25,0.3,1,1.3443066161954533,1.6794,33.07,-11.256,2.368,0.01786,0.090994,False,True,False,sig@10%_FDR_support
0.65,2.0,1.0,0.25,0.25,1,1.3313229666966455,1.6691,30.893,-10.462,2.354,0.01857,0.090994,False,True,False,sig@10%_FDR_support
0.55,2.0,1.0,0.25,0.25,1,1.3309141855477034,1.6687,30.885,-10.462,2.353,0.0186,0.090994,False,True,False,sig@10%_FDR_support
0.65,2.0,1.0,0.25,0.25,2,0.28369043095342594,1.1077,15.783,-9.449,1.562,0.11839,0.888896,False,False,False,econ_strong_stat_weak
0.65,2.0,1.0,0.25,0.3,2,0.27600064740104097,1.1036,15.784,-9.669,1.556,0.11977,0.888896,False,False,False,econ_strong_stat_weak
0.65,2.0,1.0,0.25,0.35,2,0.27600064740104097,1.1036,15.784,-9.669,1.556,0.11977,0.888896,False,False,False,econ_strong_stat_weak
0.65,2.0,1.0,0.4,0.25,2,0.27444514765143146,1.1295,16.449,-11.051,1.592,0.11134,0.888896,False,False,False,econ_strong_stat_weak
0.65,2.0,1.0,0.4,0.3,2,0.2725150597305568,1.1255,16.45,-11.051,1.587,0.11262,0.888896,False,False,False,econ_strong_stat_weak
0.65,2.0,1.0,0.4,0.35,2,0.2725150597305568,1.1255,16.45,-11.051,1.587,0.11262,0.888896,False,False,False,econ_strong_stat_weak
0.55,2.0,1.0,0.25,0.25,2,0.27025525916285237,1.0944,15.543,-9.449,1.543,0.12288,0.888896,False,False,False,econ_strong_stat_weak
0.65,2.0,1.5,0.25,0.25,2,0.2685630253494843,1.0762,15.977,-9.464,1.517,0.12922,0.888896,False,False,False,econ_strong_stat_weak
0.65,2.0,1.5,0.25,0.35,2,0.2640196513004246,1.0759,16.064,-9.735,1.517,0.12931,0.888896,False,False,False,econ_strong_stat_weak
0.65,2.0,1.5,0.25,0.3,2,0.2640196513004246,1.0759,16.064,-9.735,1.517,0.12931,0.888896,False,False,False,econ_strong_stat_weak
0.55,2.0,1.0,0.25,0.3,2,0.2626797426977361,1.0903,15.544,-9.669,1.537,0.12427,0.888896,False,False,False,econ_strong_stat_weak
0.55,2.0,1.0,0.25,0.35,2,0.2626797426977361,1.0903,15.544,-9.669,1.537,0.12427,0.888896,False,False,False,econ_strong_stat_weak
0.55,2.0,1.0,0.4,0.25,2,0.2621291984397601,1.117,16.217,-11.051,1.575,0.11537,0.888896,False,False,False,econ_strong_stat_weak
0.55,2.0,1.0,0.4,0.3,2,0.2602239940492443,1.1129,16.218,-11.051,1.569,0.11667,0.888896,False,False,False,econ_strong_stat_weak
0.55,2.0,1.0,0.4,0.35,2,0.2602239940492443,1.1129,16.218,-11.051,1.569,0.11667,0.888896,False,False,False,econ_strong_stat_weak
0.55,2.0,1.5,0.25,0.25,2,0.2553867977773556,1.0633,15.733,-9.464,1.499,0.13386,0.888896,False,False,False,econ_strong_stat_weak
0.55,2.0,1.5,0.25,0.3,2,0.25097776531544874,1.0631,15.82,-9.735,1.499,0.13393,0.888896,False,False,False,econ_strong_stat_weak
0.55,2.0,1.5,0.25,0.35,2,0.25097776531544874,1.0631,15.82,-9.735,1.499,0.13393,0.888896,False,False,False,econ_strong_stat_weak
0.65,2.0,1.5,0.4,0.3,2,0.24265115742745785,1.0791,16.339,-11.066,1.521,0.12818,0.888896,False,False,False,econ_strong_stat_weak
0.65,2.0,1.5,0.4,0.35,2,0.24265115742745785,1.0791,16.339,-11.066,1.521,0.12818,0.888896,False,False,False,econ_strong_stat_weak
0.65,2.0,1.5,0.4,0.25,2,0.24028450408054347,1.0793,16.252,-11.066,1.522,0.12812,0.888896,False,False,False,econ_strong_stat_weak
0.55,2.0,1.5,0.4,0.3,2,0.23026863153595084,1.0666,16.097,-11.066,1.504,0.13266,0.888896,False,False,False,econ_strong_stat_weak
0.55,2.0,1.5,0.4,0.35,2,0.23026863153595084,1.0666,16.097,-11.066,1.504,0.13266,0.888896,False,False,False,econ_strong_stat_weak
0.55,2.0,1.5,0.4,0.25,2,0.2278762241766113,1.0667,16.01,-11.066,1.504,0.13262,0.888896,False,False,False,econ_strong_stat_weak
0.65,3.0,1.0,0.4,0.35,2,0.19495373924121756,1.0719,17.993,-16.926,1.511,0.13074,0.888896,False,False,False,econ_strong_stat_weak
0.55,3.0,1.0,0.4,0.35,2,0.1836153788885426,1.0582,17.777,-16.926,1.492,0.13574,0.888896,False,False,False,econ_strong_stat_weak
0.65,3.0,1.0,0.4,0.3,2,0.18041947318368495,1.0597,17.61,-16.926,1.494,0.13516,0.888896,False,False,False,econ_strong_stat_weak
0.65,3.0,1.5,0.4,0.35,2,0.1736492633654675,1.0351,18.006,-16.998,1.459,0.14444,0.888896,False,False,False,econ_strong_stat_weak
0.55,3.0,1.0,0.4,0.3,2,0.1690663569508376,1.0459,17.395,-16.926,1.475,0.14033,0.888896,False,False,False,econ_strong_stat_weak
0.65,3.0,1.0,0.4,0.25,2,0.16784956776334403,1.0491,17.254,-16.86,1.479,0.1391,0.888896,False,False,False,econ_strong_stat_weak
0.55,3.0,1.5,0.4,0.35,2,0.1622028693851684,1.0216,17.773,-16.998,1.44,0.14977,0.888896,False,False,False,econ_strong_stat_weak
0.65,3.0,1.5,0.25,0.35,2,0.16195903354391197,1.0211,17.515,-16.411,1.44,0.14993,0.888896,False,False,False,econ_strong_stat_weak
0.65,3.0,1.5,0.4,0.3,2,0.15939435799251872,1.0231,17.628,-16.998,1.442,0.14917,0.888896,False,False,False,econ_strong_stat_weak
0.55,3.0,1.0,0.4,0.25,2,0.15646318142101073,1.0352,17.039,-16.86,1.459,0.14443,0.888896,False,False,False,econ_strong_stat_weak
0.65,3.0,1.5,0.25,0.3,2,0.15349079472092286,1.0089,17.138,-15.811,1.423,0.15486,0.888896,False,False,False,econ_strong_stat_weak
0.65,2.5,1.0,0.4,0.35,2,0.15304306214854557,1.0268,15.856,-14.714,1.448,0.14771,0.888896,False,False,False,econ_strong_stat_weak
0.65,2.5,1.0,0.4,0.3,2,0.1509882687052824,1.0278,15.763,-14.714,1.449,0.14731,0.888896,False,False,False,econ_strong_stat_weak
0.55,3.0,1.5,0.25,0.35,2,0.15059902889419174,1.0076,17.287,-16.411,1.421,0.15539,0.888896,False,False,False,econ_strong_stat_weak
0.55,3.0,1.5,0.4,0.3,2,0.14793725991701534,1.0094,17.396,-16.998,1.423,0.15466,0.888896,False,False,False,econ_strong_stat_weak
0.65,2.5,1.0,0.4,0.25,2,0.14681253562948826,1.0272,15.619,-14.714,1.448,0.14756,0.888896,False,False,False,econ_strong_stat_weak
0.65,3.0,1.5,0.4,0.25,2,0.14673940651186076,1.0122,17.267,-16.93,1.427,0.15352,0.888896,False,False,False,econ_strong_stat_weak
0.65,3.0,1.5,0.25,0.25,2,0.14541207545539753,0.9979,16.778,-15.287,1.407,0.1594,0.888896,False,False,False,econ_strong_stat_weak
0.55,3.0,1.5,0.25,0.3,2,0.14204105687051793,0.9953,16.911,-15.811,1.403,0.16049,0.888896,False,False,False,econ_strong_stat_weak
0.65,3.0,1.0,0.25,0.35,2,0.1383244706791101,1.0103,16.488,-16.401,1.425,0.1543,0.888896,False,False,False,econ_strong_stat_weak
0.55,3.0,1.5,0.4,0.25,2,0.13520212588372058,0.9984,17.034,-16.93,1.408,0.1592,0.888896,False,False,False,econ_strong_stat_weak
0.65,2.5,1.5,0.25,0.35,2,0.1346294749165767,0.9703,15.313,-12.714,1.368,0.17123,0.888896,False,False,False,econ_strong_stat_weak
0.55,3.0,1.5,0.25,0.25,2,0.13381510496093596,0.9842,16.551,-15.287,1.388,0.16521,0.888896,False,False,False,econ_strong_stat_weak
0.55,2.5,1.0,0.4,0.35,2,0.13142802607305057,1.0029,15.43,-14.714,1.414,0.15734,0.888896,False,False,False,econ_strong_stat_weak
0.65,2.5,1.5,0.25,0.3,2,0.13052567809989854,0.9696,15.179,-12.714,1.367,0.17157,0.888896,False,False,False,econ_strong_stat_weak
0.55,2.5,1.0,0.4,0.3,2,0.1292993834791589,1.0037,15.337,-14.714,1.415,0.15699,0.888896,False,False,False,econ_strong_stat_weak
0.65,3.0,1.0,0.25,0.3,2,0.12907589323143287,0.9976,16.11,-15.807,1.407,0.15956,0.888896,False,False,False,econ_strong_stat_weak
0.55,3.0,1.0,0.25,0.35,2,0.1280371620521239,0.9976,16.298,-16.401,1.407,0.15954,0.888896,False,False,False,econ_strong_stat_weak
0.65,2.5,1.5,0.25,0.25,2,0.1258128769023079,0.9682,15.035,-12.714,1.365,0.17218,0.888896,False,False,False,econ_strong_stat_weak
0.55,2.5,1.0,0.4,0.25,2,0.125044467156952,1.0029,15.194,-14.714,1.414,0.15734,0.888896,False,False,False,econ_strong_stat_weak
0.65,2.5,1.0,0.25,0.35,2,0.12429411333002574,0.9744,14.631,-12.682,1.374,0.16944,0.888896,False,False,False,econ_strong_stat_weak
0.65,2.5,1.0,0.25,0.3,2,0.12201468819950922,0.9752,14.538,-12.682,1.375,0.16908,0.888896,False,False,False,econ_strong_stat_weak
0.65,3.0,1.0,0.25,0.25,2,0.12096962920090946,0.9864,15.758,-15.253,1.391,0.16428,0.888896,False,False,False,econ_strong_stat_weak
0.55,3.0,1.0,0.25,0.3,2,0.1187109274248449,0.9847,15.921,-15.807,1.389,0.16497,0.888896,False,False,False,econ_strong_stat_weak
0.65,2.5,1.0,0.25,0.25,2,0.11751704061378745,0.9743,14.396,-12.682,1.374,0.16949,0.888896,False,False,False,econ_strong_stat_weak
0.65,2.5,1.5,0.4,0.35,2,0.11540603993394397,0.9721,15.539,-14.783,1.371,0.17044,0.888896,False,False,False,econ_strong_stat_weak
0.55,2.5,1.5,0.25,0.35,2,0.11277139707861172,0.9471,14.882,-12.714,1.335,0.18171,0.888896,False,False,False,econ_strong_stat_weak
0.65,2.5,1.5,0.4,0.3,2,0.11148615148173255,0.9713,15.406,-14.783,1.37,0.17081,0.888896,False,False,False,econ_strong_stat_weak
0.55,3.0,1.0,0.25,0.25,2,0.11051632460371144,0.9735,15.569,-15.253,1.373,0.16986,0.888896,False,False,False,econ_strong_stat_weak
0.55,2.5,1.5,0.25,0.3,2,0.10859836389545907,0.9461,14.749,-12.714,1.334,0.18215,0.888896,False,False,False,econ_strong_stat_weak
0.65,2.5,1.5,0.4,0.25,2,0.10697637501090909,0.9698,15.261,-14.783,1.368,0.17145,0.888896,False,False,False,econ_strong_stat_weak
0.55,2.5,1.5,0.25,0.25,2,0.10381841329240472,0.9445,14.606,-12.714,1.332,0.18287,0.888896,False,False,False,econ_strong_stat_weak
0.55,2.5,1.0,0.25,0.35,2,0.10308825849376418,0.9513,14.233,-12.682,1.341,0.17976,0.888896,False,False,False,econ_strong_stat_weak
0.55,2.5,1.0,0.25,0.3,2,0.10073461078551066,0.952,14.141,-12.682,1.342,0.17947,0.888896,False,False,False,econ_strong_stat_weak
0.55,2.5,1.0,0.25,0.25,2,0.09615727541965069,0.9508,13.999,-12.682,1.341,0.17999,0.888896,False,False,False,econ_strong_stat_weak
0.55,2.5,1.5,0.4,0.35,2,0.09417565039645556,0.9489,15.103,-14.783,1.338,0.18086,0.888896,False,False,False,econ_strong_stat_weak
0.55,2.5,1.5,0.4,0.3,2,0.09018852444123343,0.9479,14.97,-14.783,1.337,0.18133,0.888896,False,False,False,econ_strong_stat_weak
0.55,2.5,1.5,0.4,0.25,2,0.08561363712614438,0.9463,14.826,-14.783,1.334,0.18208,0.888896,False,False,False,econ_strong_stat_weak
0.55,2.5,1.5,0.4,0.25,3,-0.2722766420174833,1.2326,24.805,-15.289,1.742,0.08145,0.871196,False,False,False,econ_strong_stat_weak
0.55,2.5,1.0,0.4,0.25,3,-0.28138857803635536,1.2345,24.274,-15.289,1.745,0.081,0.871196,False,False,False,econ_strong_stat_weak
0.65,2.5,1.5,0.4,0.25,3,-0.28753809578530015,1.2188,24.438,-15.311,1.723,0.08492,0.871196,False,False,False,econ_strong_stat_weak
0.65,2.5,1.0,0.4,0.25,3,-0.29451191567817114,1.2227,23.963,-15.311,1.728,0.08394,0.871196,False,False,False,econ_strong_stat_weak
0.55,2.5,1.5,0.25,0.25,3,-0.29597746670172925,1.211,24.178,-15.289,1.712,0.08693,0.871196,False,False,False,econ_strong_stat_weak
0.65,2.5,1.5,0.25,0.25,3,-0.31155760612607797,1.1968,23.804,-15.311,1.692,0.09068,0.871196,False,False,False,econ_strong_stat_weak
0.55,2.5,1.0,0.25,0.25,3,-0.3271254845418553,1.1909,23.117,-15.289,1.683,0.09228,0.871196,False,False,False,econ_strong_stat_weak
0.55,2.5,1.5,0.4,0.3,3,-0.33953503173416705,1.1706,25.02,-17.823,1.655,0.09794,0.871196,False,False,False,econ_strong_stat_weak
0.55,2.5,1.5,0.4,0.35,3,-0.3403771955782478,1.1705,25.336,-18.367,1.655,0.09797,0.871196,False,False,False,econ_strong_stat_weak
0.65,2.5,1.0,0.25,0.25,3,-0.340467491854552,1.1788,22.801,-15.311,1.666,0.09563,0.871196,False,False,False,econ_strong_stat_weak
0.55,2.5,1.0,0.4,0.3,3,-0.34089174280332685,1.1768,24.383,-17.28,1.664,0.09619,0.871196,False,False,False,econ_strong_stat_weak
0.55,2.5,1.0,0.4,0.35,3,-0.34477691740935934,1.1749,24.57,-17.783,1.661,0.09673,0.871196,False,False,False,econ_strong_stat_weak
0.65,2.5,1.5,0.4,0.35,3,-0.3525269583653239,1.1592,25.056,-18.442,1.639,0.10125,0.871196,False,False,False,econ_strong_stat_weak
0.65,2.5,1.5,0.4,0.3,3,-0.3535918933239709,1.1579,24.658,-17.856,1.637,0.10164,0.871196,False,False,False,econ_strong_stat_weak
0.65,2.5,1.0,0.4,0.3,3,-0.35417247789436196,1.1646,24.05,-17.307,1.646,0.09967,0.871196,False,False,False,econ_strong_stat_weak
0.65,2.5,1.0,0.4,0.35,3,-0.355446468151403,1.1649,24.334,-17.853,1.647,0.09958,0.871196,False,False,False,econ_strong_stat_weak
0.55,2.5,1.5,0.25,0.3,3,-0.3618048285897657,1.1499,24.392,-17.823,1.626,0.10401,0.871196,False,False,False,econ_strong_stat_weak
0.55,2.5,1.5,0.25,0.35,3,-0.36240696725198723,1.15,24.706,-18.367,1.626,0.10397,0.871196,False,False,False,econ_strong_stat_weak
0.65,2.5,1.5,0.25,0.35,3,-0.3748309148106139,1.1384,24.418,-18.442,1.61,0.1075,0.871196,False,False,False,econ_strong_stat_weak
0.65,2.5,1.5,0.25,0.3,3,-0.37616135569261716,1.1369,24.022,-17.856,1.607,0.10798,0.871196,False,False,False,econ_strong_stat_weak
0.55,2.5,1.0,0.25,0.3,3,-0.3840967274740364,1.1352,23.225,-17.28,1.605,0.10851,0.871196,False,False,False,econ_strong_stat_weak
0.55,2.5,1.0,0.25,0.35,3,-0.3875377402963373,1.1336,23.411,-17.783,1.603,0.109,0.871196,False,False,False,econ_strong_stat_weak
0.65,2.5,1.0,0.25,0.3,3,-0.39758247858128926,1.1227,22.887,-17.307,1.587,0.11243,0.871196,False,False,False,econ_strong_stat_weak
0.65,2.5,1.0,0.25,0.35,3,-0.3983686308467782,1.1235,23.169,-17.853,1.588,0.1122,0.871196,False,False,False,econ_strong_stat_weak
0.55,3.0,1.5,0.4,0.25,3,-0.4125907387968512,1.0906,22.166,-16.33,1.542,0.12306,0.871196,False,False,False,econ_strong_stat_weak
0.55,3.0,1.0,0.4,0.25,3,-0.41411355989066684,1.0909,21.712,-15.777,1.543,0.12295,0.871196,False,False,False,econ_strong_stat_weak
0.65,3.0,1.0,0.4,0.25,3,-0.42599254721045987,1.0815,21.459,-15.917,1.529,0.12622,0.871196,False,False,False,econ_strong_stat_weak
0.65,3.0,1.5,0.4,0.25,3,-0.42648973569151916,1.0794,21.865,-16.5,1.526,0.12695,0.871196,False,False,False,econ_strong_stat_weak
0.55,3.0,1.5,0.25,0.25,3,-0.4355948294382165,1.069,21.551,-16.33,1.512,0.13065,0.871196,False,False,False,econ_strong_stat_weak
0.65,3.0,1.5,0.25,0.25,3,-0.4497609174515911,1.0574,21.242,-16.5,1.495,0.13485,0.871196,False,False,False,econ_strong_stat_weak
0.55,3.0,1.0,0.25,0.25,3,-0.4566962657914048,1.0498,20.623,-15.777,1.485,0.13767,0.871196,False,False,False,econ_strong_stat_weak
0.65,3.0,1.0,0.25,0.25,3,-0.4687317016512568,1.0401,20.365,-15.917,1.471,0.14135,0.871196,False,False,False,econ_strong_stat_weak
0.55,3.0,1.5,0.4,0.3,3,-0.4804614161416847,1.02,22.096,-18.766,1.442,0.14919,0.871196,False,False,False,econ_strong_stat_weak
0.65,3.0,1.5,0.4,0.3,3,-0.4911616547566899,1.0097,21.797,-18.743,1.428,0.15334,0.871196,False,False,False,econ_strong_stat_weak
0.55,3.0,1.0,0.4,0.3,3,-0.4993312714635176,1.0097,21.356,-18.766,1.428,0.1533,0.871196,False,False,False,econ_strong_stat_weak
0.55,2.0,1.0,0.4,0.35,3,-0.4997326529215269,1.0671,19.212,-17.369,1.509,0.13134,0.871196,False,False,False,econ_strong_stat_weak
0.55,2.0,1.0,0.4,0.3,3,-0.5008471971403524,1.0659,19.181,-17.36,1.507,0.13174,0.871196,False,False,False,econ_strong_stat_weak
0.55,2.0,1.5,0.4,0.25,3,-0.5013383683025501,1.0634,18.911,-16.391,1.504,0.13265,0.871196,False,False,False,econ_strong_stat_weak
0.55,3.0,1.5,0.25,0.3,3,-0.5020312403915597,0.9995,21.481,-18.766,1.414,0.1575,0.871196,False,False,False,econ_strong_stat_weak
0.55,2.0,1.0,0.4,0.25,3,-0.5052155910293479,1.0624,18.292,-16.129,1.502,0.13302,0.871196,False,False,False,econ_strong_stat_weak
0.65,2.0,1.0,0.4,0.35,3,-0.5094440151397507,1.0588,19.068,-17.442,1.497,0.13435,0.871196,False,False,False,econ_strong_stat_weak
0.65,3.0,1.0,0.4,0.3,3,-0.5096871460228117,0.9996,21.073,-18.743,1.414,0.15747,0.871196,False,False,False,econ_strong_stat_weak
0.65,2.0,1.0,0.4,0.3,3,-0.5097912909583857,1.0589,19.045,-17.404,1.497,0.13429,0.871196,False,False,False,econ_strong_stat_weak
0.55,2.0,1.5,0.4,0.3,3,-0.5100870799232463,1.0599,19.748,-17.949,1.499,0.13393,0.871196,False,False,False,econ_strong_stat_weak
0.55,2.0,1.5,0.4,0.35,3,-0.5102377684782383,1.0593,19.761,-18.001,1.498,0.13416,0.871196,False,False,False,econ_strong_stat_weak
0.65,3.0,1.5,0.25,0.3,3,-0.51304494112687,0.9889,21.174,-18.743,1.398,0.16197,0.871196,False,False,False,econ_strong_stat_weak
0.55,3.0,1.5,0.4,0.35,3,-0.5133349584837652,0.9904,21.939,-20.396,1.401,0.16132,0.871196,False,False,False,econ_strong_stat_weak
0.65,2.0,1.5,0.4,0.25,3,-0.5136253657391598,1.0531,18.677,-16.404,1.489,0.13645,0.871196,False,False,False,econ_strong_stat_weak
0.65,2.0,1.0,0.4,0.25,3,-0.5147466631455453,1.0527,18.082,-16.147,1.489,0.13659,0.871196,False,False,False,econ_strong_stat_weak
0.65,2.0,1.5,0.4,0.3,3,-0.5212538331740111,1.0509,19.545,-17.963,1.486,0.13726,0.871196,False,False,False,econ_strong_stat_weak
0.65,2.0,1.5,0.4,0.35,3,-0.5218565098028107,1.0498,19.585,-18.079,1.485,0.13766,0.871196,False,False,False,econ_strong_stat_weak
0.55,2.0,1.5,0.25,0.25,3,-0.522046203789012,1.0421,18.372,-16.391,1.474,0.14059,0.871196,False,False,False,econ_strong_stat_weak
0.65,3.0,1.5,0.4,0.35,3,-0.5223970889428937,0.9813,21.711,-20.43,1.388,0.16517,0.871196,False,False,False,econ_strong_stat_weak
0.55,3.0,1.0,0.4,0.35,3,-0.5262983254206965,0.9857,21.121,-19.897,1.394,0.16331,0.871196,False,False,False,econ_strong_stat_weak
0.55,2.0,1.5,0.25,0.3,3,-0.5300201301070272,1.0393,19.205,-17.949,1.47,0.14164,0.871196,False,False,False,econ_strong_stat_weak
0.55,2.0,1.5,0.25,0.35,3,-0.530147489109953,1.0387,19.218,-18.001,1.469,0.14187,0.871196,False,False,False,econ_strong_stat_weak
0.65,3.0,1.0,0.4,0.35,3,-0.5339336340498433,0.978,20.935,-19.926,1.383,0.16662,0.871196,False,False,False,econ_strong_stat_weak
0.55,3.0,1.5,0.25,0.35,3,-0.5342451194413647,0.9704,21.326,-20.396,1.372,0.16995,0.871196,False,False,False,econ_strong_stat_weak
0.65,2.0,1.5,0.25,0.25,3,-0.5349908424896658,1.0311,18.124,-16.404,1.458,0.14482,0.871196,False,False,False,econ_strong_stat_weak
0.55,3.0,1.0,0.25,0.3,3,-0.5386972028692563,0.9711,20.271,-18.766,1.373,0.16962,0.871196,False,False,False,econ_strong_stat_weak
0.65,2.0,1.5,0.25,0.3,3,-0.5418178033149996,1.0297,18.988,-17.963,1.456,0.14535,0.871196,False,False,False,econ_strong_stat_weak
0.55,2.0,1.0,0.25,0.35,3,-0.5418973737895671,1.0229,18.16,-17.369,1.447,0.14803,0.871196,False,False,False,econ_strong_stat_weak
0.65,2.0,1.5,0.25,0.35,3,-0.5423647608061786,1.0287,19.027,-18.079,1.455,0.14576,0.871196,False,False,False,econ_strong_stat_weak
0.55,2.0,1.0,0.25,0.3,3,-0.5430186975766901,1.0218,18.13,-17.36,1.445,0.14848,0.871196,False,False,False,econ_strong_stat_weak
0.65,3.0,1.5,0.25,0.35,3,-0.5435858138745022,0.961,21.089,-20.43,1.359,0.17409,0.871196,False,False,False,econ_strong_stat_weak
0.55,2.0,1.0,0.25,0.25,3,-0.5488979946136406,1.0165,17.248,-16.129,1.438,0.15057,0.871196,False,False,False,econ_strong_stat_weak
0.65,3.0,1.0,0.25,0.3,3,-0.5492900408874191,0.9607,19.982,-18.743,1.359,0.17425,0.871196,False,False,False,econ_strong_stat_weak
0.65,2.0,1.0,0.25,0.35,3,-0.5504166153863564,1.0142,18.004,-17.442,1.434,0.15152,0.871196,False,False,False,econ_strong_stat_weak
0.65,2.0,1.0,0.25,0.3,3,-0.5508100019198732,1.0143,17.982,-17.404,1.434,0.15147,0.871196,False,False,False,econ_strong_stat_weak
0.65,2.0,1.0,0.25,0.25,3,-0.5589281829405695,1.0062,17.027,-16.147,1.423,0.15474,0.871196,False,False,False,econ_strong_stat_weak
0.55,3.0,1.0,0.25,0.35,3,-0.5647821579207994,0.9476,20.038,-19.897,1.34,0.18015,0.888008,False,False,False,econ_strong_stat_weak
0.65,3.0,1.0,0.25,0.35,3,-0.5726103297018017,0.9397,19.845,-19.926,1.329,0.18382,0.893514,False,False,False,econ_strong_stat_weak
0.55,2.5,1.5,0.25,0.25,4,1.099442870298466,0.9987,18.172,-15.403,1.41,0.15865,1.0,False,False,False,econ_strong_stat_weak
0.55,2.5,1.5,0.25,0.3,4,1.0943807365346656,0.9755,18.645,-15.403,1.377,0.16853,1.0,False,False,False,econ_strong_stat_weak
0.65,2.5,1.5,0.25,0.25,4,1.087519688530532,0.9883,17.99,-15.595,1.395,0.16305,1.0,False,False,False,econ_strong_stat_weak
0.65,2.5,1.5,0.25,0.3,4,1.083645736279954,0.9665,18.483,-15.595,1.364,0.17249,1.0,False,False,False,econ_strong_stat_weak
0.55,2.5,1.5,0.25,0.35,4,1.0810935175284229,0.9599,18.433,-15.403,1.355,0.17544,1.0,False,False,False,econ_strong_stat_weak
0.55,2.5,1.0,0.25,0.25,4,1.079039653458797,0.9905,17.443,-15.4,1.398,0.16209,1.0,False,False,False,econ_strong_stat_weak
0.65,2.5,1.5,0.25,0.35,4,1.0718613847932885,0.9523,18.305,-15.595,1.344,0.1789,1.0,False,False,False,econ_strong_stat_weak
0.55,2.5,1.0,0.25,0.3,4,1.0673950154984526,0.9614,17.754,-15.4,1.357,0.17479,1.0,False,False,False,econ_strong_stat_weak
0.65,2.5,1.0,0.25,0.25,4,1.0669384479661146,0.9797,17.259,-15.592,1.383,0.16674,1.0,False,False,False,econ_strong_stat_weak
0.55,2.5,1.0,0.25,0.35,4,1.0570235646465034,0.949,17.593,-15.4,1.34,0.1804,1.0,False,False,False,econ_strong_stat_weak
0.65,2.5,1.0,0.25,0.3,4,1.0564426157226274,0.9519,17.59,-15.592,1.344,0.17907,1.0,False,False,False,econ_strong_stat_weak
0.65,2.5,1.0,0.25,0.35,4,1.047753239846813,0.9411,17.465,-15.592,1.328,0.18405,1.0,False,False,False,econ_strong_stat_weak
0.55,2.5,1.5,0.4,0.25,4,1.0460303583464923,0.9416,17.01,-15.403,1.329,0.1838,1.0,False,False,False,econ_strong_stat_weak
0.55,2.5,1.0,0.4,0.25,4,1.0456507139473556,0.951,16.756,-15.4,1.342,0.17949,1.0,False,False,False,econ_strong_stat_weak
0.55,2.5,1.5,0.4,0.3,4,1.0428317324778889,0.9218,17.478,-15.403,1.301,0.1932,1.0,False,False,False,econ_strong_stat_weak
0.55,2.5,1.0,0.4,0.3,4,1.0354255079607229,0.9245,17.065,-15.4,1.305,0.19187,1.0,False,False,False,econ_strong_stat_weak
0.65,2.5,1.5,0.4,0.25,4,1.0334438265329007,0.9303,16.809,-15.595,1.313,0.1891,1.0,False,False,False,econ_strong_stat_weak
0.65,2.5,1.0,0.4,0.25,4,1.032731739287376,0.9392,16.552,-15.592,1.326,0.18493,1.0,False,False,False,econ_strong_stat_weak
0.65,2.5,1.5,0.4,0.3,4,1.03144858402352,0.912,17.297,-15.595,1.287,0.19796,1.0,False,False,False,econ_strong_stat_weak
0.55,2.5,1.5,0.4,0.35,4,1.0299077359280429,0.9067,17.268,-15.403,1.28,0.20056,1.0,False,False,False,econ_strong_stat_weak
0.55,2.5,1.0,0.4,0.35,4,1.0252766926527506,0.9125,16.906,-15.4,1.288,0.19769,1.0,False,False,False,econ_strong_stat_weak
0.65,2.5,1.0,0.4,0.3,4,1.0236770466297243,0.9142,16.88,-15.592,1.29,0.19688,1.0,False,False,False,econ_strong_stat_weak
0.65,2.5,1.5,0.4,0.35,4,1.020027123401972,0.8983,17.121,-15.595,1.268,0.20477,1.0,False,False,False,econ_strong_stat_weak
0.55,3.0,1.5,0.25,0.25,4,1.0186194919907328,0.9359,17.764,-19.973,1.321,0.18647,1.0,False,False,False,econ_strong_stat_weak
0.65,2.5,1.0,0.4,0.35,4,1.0152059462470402,0.9037,16.756,-15.592,1.276,0.20203,1.0,False,False,False,econ_strong_stat_weak
0.55,3.0,1.0,0.25,0.25,4,1.0119781473069396,0.9325,17.172,-19.081,1.316,0.18808,1.0,False,False,False,econ_strong_stat_weak
0.65,3.0,1.5,0.25,0.25,4,1.0107341689424594,0.9271,17.619,-20.036,1.309,0.19063,1.0,False,False,False,econ_strong_stat_weak
0.55,2.0,1.5,0.25,0.25,4,1.006889821550477,0.9077,15.528,-14.053,1.281,0.20008,1.0,False,False,False,econ_strong_stat_weak
0.65,3.0,1.0,0.25,0.25,4,1.0042730099563313,0.9238,17.035,-19.132,1.304,0.19224,1.0,False,False,False,econ_strong_stat_weak
0.55,3.0,1.0,0.25,0.3,4,1.004018523612976,0.9124,17.977,-20.404,1.288,0.19773,1.0,False,False,False,econ_strong_stat_weak
0.55,2.0,1.5,0.25,0.3,4,1.003955749290413,0.8961,15.695,-14.053,1.265,0.20586,1.0,False,False,False,econ_strong_stat_weak
0.55,3.0,1.0,0.25,0.35,4,1.0010970628528904,0.9064,18.105,-20.631,1.28,0.20071,1.0,False,False,False,econ_strong_stat_weak
0.65,2.0,1.5,0.25,0.25,4,0.9996068175018781,0.9041,15.493,-14.473,1.276,0.20185,1.0,False,False,False,econ_strong_stat_weak
0.55,2.0,1.5,0.25,0.35,4,0.9981067848604402,0.8891,15.612,-14.053,1.255,0.20941,1.0,False,False,False,econ_strong_stat_weak
0.65,3.0,1.0,0.25,0.3,4,0.9972220141095454,0.9048,17.849,-20.439,1.277,0.20153,1.0,False,False,False,econ_strong_stat_weak
0.65,2.0,1.5,0.25,0.3,4,0.9970401598119185,0.893,15.667,-14.473,1.261,0.20744,1.0,False,False,False,econ_strong_stat_weak
0.65,3.0,1.0,0.25,0.35,4,0.9967321902719306,0.9009,18.034,-20.641,1.272,0.20347,1.0,False,False,False,econ_strong_stat_weak
0.65,2.0,1.5,0.25,0.35,4,0.991738159492889,0.8865,15.594,-14.473,1.252,0.21073,1.0,False,False,False,econ_strong_stat_weak
0.55,3.0,1.5,0.25,0.3,4,0.9876333078693131,0.895,18.137,-21.799,1.263,0.20642,1.0,False,False,False,econ_strong_stat_weak
0.55,2.0,1.0,0.25,0.25,4,0.9869312354827189,0.8982,14.846,-14.048,1.268,0.20482,1.0,False,False,False,econ_strong_stat_weak
0.55,2.0,1.0,0.25,0.3,4,0.981150915288439,0.8837,14.956,-14.048,1.247,0.21222,1.0,False,False,False,econ_strong_stat_weak
0.55,3.0,1.5,0.25,0.35,4,0.9809591803738542,0.8858,18.236,-22.319,1.251,0.2111,1.0,False,False,False,econ_strong_stat_weak
0.65,3.0,1.5,0.25,0.3,4,0.9803169886368035,0.887,17.994,-21.854,1.252,0.21053,1.0,False,False,False,econ_strong_stat_weak
0.65,2.0,1.0,0.25,0.25,4,0.9796671810287194,0.8944,14.808,-14.467,1.263,0.20675,1.0,False,False,False,econ_strong_stat_weak
0.55,2.0,1.0,0.25,0.35,4,0.9782138152270161,0.8799,14.922,-14.048,1.242,0.21417,1.0,False,False,False,econ_strong_stat_weak
0.65,3.0,1.5,0.25,0.35,4,0.9757279891028326,0.8796,18.144,-22.356,1.242,0.2143,1.0,False,False,False,econ_strong_stat_weak
0.65,2.0,1.0,0.25,0.3,4,0.9746036663678257,0.8806,14.932,-14.467,1.243,0.21378,1.0,False,False,False,econ_strong_stat_weak
0.55,2.0,1.0,0.4,0.25,4,0.9731226165502418,0.8794,14.591,-14.048,1.241,0.21443,1.0,False,False,False,econ_strong_stat_weak
0.65,2.0,1.0,0.25,0.35,4,0.9722021334767785,0.8774,14.907,-14.467,1.239,0.21545,1.0,False,False,False,econ_strong_stat_weak
0.55,2.0,1.5,0.4,0.25,4,0.9701094578123378,0.8676,14.767,-14.053,1.225,0.22064,1.0,False,False,False,econ_strong_stat_weak
0.55,2.0,1.5,0.4,0.3,4,0.9677938639272813,0.8572,14.932,-14.053,1.21,0.2262,1.0,False,False,False,econ_strong_stat_weak
0.55,2.0,1.0,0.4,0.3,4,0.9677089640554446,0.8657,14.7,-14.048,1.222,0.22165,1.0,False,False,False,econ_strong_stat_weak
0.65,2.0,1.0,0.4,0.25,4,0.9654564578902818,0.8751,14.542,-14.467,1.235,0.21668,1.0,False,False,False,econ_strong_stat_weak
0.55,2.0,1.0,0.4,0.35,4,0.9648216626164109,0.862,14.667,-14.048,1.217,0.22361,1.0,False,False,False,econ_strong_stat_weak
0.65,2.0,1.5,0.4,0.25,4,0.962634315335823,0.8636,14.722,-14.473,1.219,0.22276,1.0,False,False,False,econ_strong_stat_weak
0.55,2.0,1.5,0.4,0.35,4,0.962078003923267,0.8504,14.85,-14.053,1.201,0.22989,1.0,False,False,False,econ_strong_stat_weak
0.65,2.0,1.0,0.4,0.3,4,0.960765344089977,0.8622,14.666,-14.467,1.217,0.22351,1.0,False,False,False,econ_strong_stat_weak
0.65,2.0,1.5,0.4,0.3,4,0.9606916136207587,0.8537,14.895,-14.473,1.205,0.22811,1.0,False,False,False,econ_strong_stat_weak
0.65,2.0,1.0,0.4,0.35,4,0.9584102748181177,0.8591,14.641,-14.467,1.213,0.22519,1.0,False,False,False,econ_strong_stat_weak
0.65,2.0,1.5,0.4,0.35,4,0.9555187441359843,0.8475,14.822,-14.473,1.196,0.23152,1.0,False,False,False,econ_strong_stat_weak
0.55,3.0,1.0,0.4,0.25,4,0.9353099822354304,0.8616,15.778,-21.712,1.216,0.22382,1.0,False,False,False,econ_strong_stat_weak
0.55,3.0,1.0,0.4,0.3,4,0.9325196379177271,0.8475,16.573,-22.993,1.197,0.23149,1.0,False,False,False,econ_strong_stat_weak
0.55,3.0,1.0,0.4,0.35,4,0.9305630052243627,0.8427,16.7,-23.212,1.19,0.23416,1.0,False,False,False,econ_strong_stat_weak
0.65,3.0,1.0,0.4,0.25,4,0.9269542690039243,0.8522,15.621,-21.791,1.203,0.22893,1.0,False,False,False,econ_strong_stat_weak
0.65,3.0,1.0,0.4,0.35,4,0.9254203743797109,0.8365,16.608,-23.25,1.181,0.23761,1.0,False,False,False,econ_strong_stat_weak
0.65,3.0,1.0,0.4,0.3,4,0.9250437142191928,0.8391,16.425,-23.055,1.185,0.23613,1.0,False,False,False,econ_strong_stat_weak
0.55,3.0,1.5,0.4,0.25,4,0.924112160899677,0.8471,15.851,-22.546,1.196,0.23171,1.0,False,False,False,econ_strong_stat_weak
0.65,3.0,1.5,0.4,0.25,4,0.9157126222663778,0.8377,15.688,-22.636,1.183,0.23692,1.0,False,False,False,econ_strong_stat_weak
0.55,3.0,1.5,0.4,0.3,4,0.9006595989091449,0.8136,16.218,-24.314,1.149,0.25066,1.0,False,False,False,econ_strong_stat_weak
0.55,3.0,1.5,0.4,0.35,4,0.895729899370545,0.8061,16.316,-24.817,1.138,0.25504,1.0,False,False,False,econ_strong_stat_weak
0.65,3.0,1.5,0.4,0.3,4,0.8928280049621509,0.805,16.057,-24.394,1.137,0.25572,1.0,False,False,False,econ_strong_stat_weak
0.65,3.0,1.5,0.4,0.35,4,0.8899180815095643,0.7994,16.204,-24.88,1.129,0.25902,1.0,False,False,False,econ_strong_stat_weak
0.65,3.0,1.5,0.25,0.3,5,0.7431983218766927,2.3879,93.283,-16.753,2.893,0.00382,0.067079,False,True,False,sig@10%_FDR_support
0.65,3.0,1.5,0.4,0.3,5,0.7431983218766927,2.3879,93.283,-16.753,2.893,0.00382,0.067079,False,True,False,sig@10%_FDR_support
0.65,3.0,1.0,0.4,0.3,5,0.7353987692227415,2.3842,92.728,-16.655,2.888,0.00387,0.067079,False,True,False,sig@10%_FDR_support
0.65,3.0,1.0,0.25,0.3,5,0.7353987692227415,2.3842,92.728,-16.655,2.888,0.00387,0.067079,False,True,False,sig@10%_FDR_support
0.55,3.0,1.5,0.25,0.3,5,0.7253147400916076,2.3804,92.646,-16.753,2.884,0.00393,0.067079,False,True,False,sig@10%_FDR_support
0.55,3.0,1.5,0.4,0.3,5,0.7253147400916076,2.3804,92.646,-16.753,2.884,0.00393,0.067079,False,True,False,sig@10%_FDR_support
0.65,3.0,1.5,0.4,0.35,5,0.7195546857781674,2.3528,96.657,-17.647,2.851,0.00436,0.067079,False,True,False,sig@10%_FDR_support
0.65,3.0,1.5,0.25,0.35,5,0.7195546857781674,2.3528,96.657,-17.647,2.851,0.00436,0.067079,False,True,False,sig@10%_FDR_support
0.55,3.0,1.0,0.25,0.3,5,0.7175087015100179,2.3767,92.093,-16.655,2.879,0.00398,0.067079,False,True,False,sig@10%_FDR_support
0.55,3.0,1.0,0.4,0.3,5,0.7175087015100179,2.3767,92.093,-16.655,2.879,0.00398,0.067079,False,True,False,sig@10%_FDR_support
0.65,3.0,1.0,0.4,0.35,5,0.70332991869839,2.3461,95.792,-17.551,2.843,0.00447,0.067079,False,True,False,sig@10%_FDR_support
0.65,3.0,1.0,0.25,0.35,5,0.70332991869839,2.3461,95.792,-17.551,2.843,0.00447,0.067079,False,True,False,sig@10%_FDR_support
0.55,3.0,1.5,0.4,0.35,5,0.7016628683014733,2.3455,96.002,-17.647,2.842,0.00448,0.067079,False,True,False,sig@10%_FDR_support
0.55,3.0,1.5,0.25,0.35,5,0.7016628683014733,2.3455,96.002,-17.647,2.842,0.00448,0.067079,False,True,False,sig@10%_FDR_support
0.55,3.0,1.0,0.25,0.35,5,0.6854433606288717,2.3387,95.14,-17.551,2.834,0.0046,0.067079,False,True,False,sig@10%_FDR_support
0.55,3.0,1.0,0.4,0.35,5,0.6854433606288717,2.3387,95.14,-17.551,2.834,0.0046,0.067079,False,True,False,sig@10%_FDR_support
0.65,3.0,1.0,0.25,0.25,5,0.5757927590663081,2.3897,81.92,-15.845,2.895,0.00379,0.067079,False,True,False,sig@10%_FDR_support
0.65,3.0,1.0,0.4,0.25,5,0.5757927590663081,2.3897,81.92,-15.845,2.895,0.00379,0.067079,False,True,False,sig@10%_FDR_support
0.65,3.0,1.5,0.25,0.25,5,0.5750717110183244,2.3904,82.161,-15.948,2.896,0.00378,0.067079,False,True,False,sig@10%_FDR_support
0.65,3.0,1.5,0.4,0.25,5,0.5750717110183244,2.3904,82.161,-15.948,2.896,0.00378,0.067079,False,True,False,sig@10%_FDR_support
0.55,3.0,1.0,0.4,0.25,5,0.5727785582183449,2.3845,81.861,-15.845,2.889,0.00387,0.067079,False,True,False,sig@10%_FDR_support
0.55,3.0,1.0,0.25,0.25,5,0.5727785582183449,2.3845,81.861,-15.845,2.889,0.00387,0.067079,False,True,False,sig@10%_FDR_support
0.55,3.0,1.5,0.4,0.25,5,0.5720743508559298,2.3852,82.102,-15.948,2.89,0.00386,0.067079,False,True,False,sig@10%_FDR_support
0.55,3.0,1.5,0.25,0.25,5,0.5720743508559298,2.3852,82.102,-15.948,2.89,0.00386,0.067079,False,True,False,sig@10%_FDR_support
0.65,2.5,1.5,0.4,0.3,5,-0.07200605394848929,2.0196,69.29,-18.188,2.45,0.01427,0.122041,False,False,False,econ_strong_stat_weak
0.65,2.5,1.5,0.25,0.3,5,-0.07200605394848929,2.0196,69.29,-18.188,2.45,0.01427,0.122041,False,False,False,econ_strong_stat_weak
0.65,2.5,1.0,0.25,0.3,5,-0.07948350669193503,2.0172,68.958,-18.188,2.448,0.01438,0.122041,False,False,False,econ_strong_stat_weak
0.65,2.5,1.0,0.4,0.3,5,-0.07948350669193503,2.0172,68.958,-18.188,2.448,0.01438,0.122041,False,False,False,econ_strong_stat_weak
0.65,2.5,1.5,0.4,0.25,5,-0.08590707673338366,2.0454,64.151,-17.039,2.482,0.01308,0.122041,False,False,False,econ_strong_stat_weak
0.65,2.5,1.5,0.25,0.25,5,-0.08590707673338366,2.0454,64.151,-17.039,2.482,0.01308,0.122041,False,False,False,econ_strong_stat_weak
0.65,2.5,1.0,0.4,0.25,5,-0.08842158187110746,2.0432,63.898,-16.932,2.479,0.01318,0.122041,False,False,False,econ_strong_stat_weak
0.65,2.5,1.0,0.25,0.25,5,-0.08842158187110746,2.0432,63.898,-16.932,2.479,0.01318,0.122041,False,False,False,econ_strong_stat_weak
0.55,2.5,1.5,0.25,0.3,5,-0.09799763350217566,2.0055,68.44,-18.203,2.433,0.01496,0.122041,False,False,False,econ_strong_stat_weak
0.55,2.5,1.5,0.4,0.3,5,-0.09799763350217566,2.0055,68.44,-18.203,2.433,0.01496,0.122041,False,False,False,econ_strong_stat_weak
0.55,2.5,1.5,0.4,0.25,5,-0.10487025404285036,2.0322,63.585,-17.039,2.466,0.01368,0.122041,False,False,False,econ_strong_stat_weak
0.55,2.5,1.5,0.25,0.25,5,-0.10487025404285036,2.0322,63.585,-17.039,2.466,0.01368,0.122041,False,False,False,econ_strong_stat_weak
0.55,2.5,1.0,0.25,0.3,5,-0.10545604097554458,2.003,68.111,-18.203,2.431,0.01508,0.122041,False,False,False,econ_strong_stat_weak
0.55,2.5,1.0,0.4,0.3,5,-0.10545604097554458,2.003,68.111,-18.203,2.431,0.01508,0.122041,False,False,False,econ_strong_stat_weak
0.55,2.5,1.0,0.4,0.25,5,-0.10745744476831948,2.03,63.332,-16.932,2.463,0.01378,0.122041,False,False,False,econ_strong_stat_weak
0.55,2.5,1.0,0.25,0.25,5,-0.10745744476831948,2.03,63.332,-16.932,2.463,0.01378,0.122041,False,False,False,econ_strong_stat_weak
0.65,2.0,1.5,0.4,0.25,5,-0.13243662956904745,1.9553,58.67,-14.174,2.373,0.01764,0.122041,False,False,False,econ_strong_stat_weak
0.65,2.0,1.5,0.25,0.25,5,-0.13243662956904745,1.9553,58.67,-14.174,2.373,0.01764,0.122041,False,False,False,econ_strong_stat_weak
0.65,2.0,1.0,0.4,0.25,5,-0.15321402234787848,1.9452,57.987,-14.159,2.361,0.01823,0.122041,False,False,False,econ_strong_stat_weak
0.65,2.0,1.0,0.25,0.25,5,-0.15321402234787848,1.9452,57.987,-14.159,2.361,0.01823,0.122041,False,False,False,econ_strong_stat_weak
0.55,2.0,1.5,0.4,0.25,5,-0.15762522217572314,1.941,57.947,-14.174,2.356,0.01848,0.122041,False,False,False,econ_strong_stat_weak
0.55,2.0,1.5,0.25,0.25,5,-0.15762522217572314,1.941,57.947,-14.174,2.356,0.01848,0.122041,False,False,False,econ_strong_stat_weak
0.55,2.0,1.0,0.25,0.25,5,-0.17838935946716916,1.9308,57.266,-14.159,2.344,0.0191,0.122041,False,False,False,econ_strong_stat_weak
0.55,2.0,1.0,0.4,0.25,5,-0.17838935946716916,1.9308,57.266,-14.159,2.344,0.0191,0.122041,False,False,False,econ_strong_stat_weak
0.65,2.5,1.5,0.4,0.35,5,-0.20627014810789168,1.9461,69.805,-20.841,2.362,0.01818,0.122041,False,False,False,econ_strong_stat_weak
0.65,2.5,1.5,0.25,0.35,5,-0.20627014810789168,1.9461,69.805,-20.841,2.362,0.01818,0.122041,False,False,False,econ_strong_stat_weak
0.65,2.0,1.5,0.25,0.3,5,-0.20744670878135202,1.907,59.836,-15.315,2.315,0.02062,0.122041,False,False,False,econ_strong_stat_weak
0.65,2.0,1.5,0.4,0.3,5,-0.20744670878135202,1.907,59.836,-15.315,2.315,0.02062,0.122041,False,False,False,econ_strong_stat_weak
0.55,2.5,1.5,0.4,0.35,5,-0.23108505648728117,1.9321,68.942,-20.853,2.345,0.01902,0.122041,False,False,False,econ_strong_stat_weak
0.55,2.5,1.5,0.25,0.35,5,-0.23108505648728117,1.9321,68.942,-20.853,2.345,0.01902,0.122041,False,False,False,econ_strong_stat_weak
0.65,2.0,1.0,0.25,0.3,5,-0.2331878972851508,1.8942,58.96,-15.301,2.299,0.02148,0.122041,False,False,False,econ_strong_stat_weak
0.65,2.0,1.0,0.4,0.3,5,-0.2331878972851508,1.8942,58.96,-15.301,2.299,0.02148,0.122041,False,False,False,econ_strong_stat_weak
0.55,2.0,1.5,0.25,0.3,5,-0.23379606025628086,1.8922,59.034,-15.315,2.297,0.02162,0.122041,False,False,False,econ_strong_stat_weak
0.55,2.0,1.5,0.4,0.3,5,-0.23379606025628086,1.8922,59.034,-15.315,2.297,0.02162,0.122041,False,False,False,econ_strong_stat_weak
0.65,2.5,1.0,0.4,0.35,5,-0.23481267201469386,1.932,68.703,-20.831,2.345,0.01903,0.122041,False,False,False,econ_strong_stat_weak
0.65,2.5,1.0,0.25,0.35,5,-0.23481267201469386,1.932,68.703,-20.831,2.345,0.01903,0.122041,False,False,False,econ_strong_stat_weak
0.55,2.0,1.0,0.25,0.3,5,-0.25949184646922935,1.8793,58.164,-15.301,2.282,0.02252,0.123149,False,False,False,econ_strong_stat_weak
0.55,2.0,1.0,0.4,0.3,5,-0.25949184646922935,1.8793,58.164,-15.301,2.282,0.02252,0.123149,False,False,False,econ_strong_stat_weak
0.55,2.5,1.0,0.25,0.35,5,-0.2595577430689695,1.9179,67.846,-20.843,2.328,0.01991,0.122041,False,False,False,econ_strong_stat_weak
0.55,2.5,1.0,0.4,0.35,5,-0.2595577430689695,1.9179,67.846,-20.843,2.328,0.01991,0.122041,False,False,False,econ_strong_stat_weak
0.65,2.0,1.5,0.4,0.35,5,-0.30060120825203884,1.8553,59.598,-16.464,2.252,0.02429,0.127142,False,False,False,econ_strong_stat_weak
0.65,2.0,1.5,0.25,0.35,5,-0.30060120825203884,1.8553,59.598,-16.464,2.252,0.02429,0.127142,False,False,False,econ_strong_stat_weak
0.65,2.0,1.0,0.25,0.35,5,-0.32447593353430654,1.8434,58.756,-16.45,2.238,0.02521,0.127142,False,False,False,econ_strong_stat_weak
0.65,2.0,1.0,0.4,0.35,5,-0.32447593353430654,1.8434,58.756,-16.45,2.238,0.02521,0.127142,False,False,False,econ_strong_stat_weak
0.55,2.0,1.5,0.25,0.35,5,-0.3262438429373655,1.8406,58.795,-16.464,2.235,0.02543,0.127142,False,False,False,econ_strong_stat_weak
0.55,2.0,1.5,0.4,0.35,5,-0.3262438429373655,1.8406,58.795,-16.464,2.235,0.02543,0.127142,False,False,False,econ_strong_stat_weak
0.55,2.0,1.0,0.4,0.35,5,-0.34999719133424606,1.8287,57.959,-16.45,2.22,0.02639,0.128277,False,False,False,econ_strong_stat_weak
0.55,2.0,1.0,0.25,0.35,5,-0.34999719133424606,1.8287,57.959,-16.45,2.22,0.02639,0.128277,False,False,False,econ_strong_stat_weak
